"rcp","model","mgm","windcase","nat.mortality.volperha","impact","NEP","standing.volume.decidious","BA.decidious","deadwood.c.ag","carbonstock","shannon_BA_landscape","shannon_VOL_landscape","annual.harvest","annual.increment","standing.volume","LAI"
"-","refclim","ADAPTATION","w5",2.86252552146177,3.56515539556247,-890.50886446279,58.4636274390582,7.02401480252888,17719.7033522414,290263.196091676,1.95532380582242,1.76417315846807,8.72132036133672,877.57136785591,252.3634753443,3.03147420029548
"-","refclim","ADAPTATION","w6",2.83111796166054,3.85924667767167,-918.207527158579,58.0668032475143,6.95421464440426,17728.9067071491,289156.632987884,1.94822590424392,1.75830908885093,8.68605280987078,877.483654454639,249.734583775645,3.0096741509059
"-","refclim","ADAPTATION","w7",2.86017946688528,3.66508882312983,-963.323615864193,58.1961508550493,6.98360506154604,17783.8036729742,290626.180117284,1.93652575048987,1.74426217523374,8.81305165025705,878.903224534661,252.968054674174,3.03945506037222
"-","refclim","ADAPTATION","w8",2.83699795111937,3.76360295893746,-839.011443482836,57.1953693718183,6.86608029776565,17485.2432910068,288984.451855518,1.94768174293756,1.75744318295877,8.81803626227059,877.925132229006,250.118744141148,3.03147943955212
"-","refclim","ADAPTATION","w9",2.76205967282415,4.02494284095175,-1043.09491694147,57.8513022646505,6.95574691625613,17778.5638397795,286947.207197678,1.96094946019906,1.77396285485416,8.86837988155028,876.266892614225,244.123580497107,2.95669134134176
"-","refclim","BAU","w5",2.74373359561382,4.36595245444079,-1092.85291884663,48.4229469022244,5.23845656488309,17608.4350895071,289244.236369758,1.52579213189055,1.38418038339572,9.25981994809305,880.026292263462,263.381895179802,3.09820115935448
"-","refclim","BAU","w6",2.61921272220571,5.07912446092377,-1303.28203506403,46.8751788260628,5.11137295503281,17661.2559404451,283134.88716421,1.55275876447257,1.40859683043157,9.32092687738384,875.70268660452,249.749690193195,2.95848462948582
"-","refclim","BAU","w7",2.69770390621695,4.65690921304438,-1274.78884327253,47.8284816911841,5.19171515915826,17728.100510837,287052.30831038,1.53812393699885,1.39468350019419,9.36315589747526,878.707424681138,258.105687194388,3.03974808204723
"-","refclim","BAU","w8",2.73375509005229,4.56266861822768,-1011.47389506072,47.9872368428969,5.21378289944252,17482.5164085547,287803.398375137,1.54411769898468,1.40374474753201,9.19234788604643,876.758945124505,260.053376840061,3.09505619533179
"-","refclim","BAU","w9",2.61609860316594,5.06900420566357,-1379.7669984956,47.0714455052574,5.11025073613991,17703.5406651638,282941.116993314,1.55574039158199,1.41513950778218,9.36062196744622,873.954341359552,248.555632932922,2.95007373635674
"-","refclim","BIOECONOMY","w5",2.88790093819704,3.28185058794653,-686.506068091813,46.8121231315681,5.48259216542811,16948.5352746229,290890.425449375,1.48753903685475,1.34054176212117,8.57726753227038,887.391629887743,260.697560542521,3.35614905426171
"-","refclim","BIOECONOMY","w6",2.86864353004369,3.6260358640277,-750.617928264395,47.6187376683092,5.56670608495464,17087.7345831721,289743.054536992,1.49998929937837,1.35453598726032,8.58579585257698,886.465112051615,257.259389800443,3.32722070544469
"-","refclim","BIOECONOMY","w9",2.82669900219901,3.78849828784807,-881.765411220938,47.9300215187977,5.55484633830281,17147.8996095863,288623.522326773,1.49636266692089,1.3524146356712,8.71948342470777,886.597883850052,254.762095751898,3.286036318019
"-","refclim","CONSERVATION","w5",3.19271620690728,6.20315835103815,-1345.31405219052,74.9898235032393,8.00332417712394,24230.9636256867,315778.490090072,1.81919339379872,1.64756572550149,6.26175301180649,847.85202501499,299.935915788026,3.19569746547868
"rcp45","EC-EARTH_RACMO22E-r1","ADAPTATION","w5",2.7833420970531,4.24852677420281,-637.673036690377,68.7999122114326,7.9657285819797,16247.1714971586,275230.969279303,2.08263472471323,1.97035090683116,8.47379183202831,867.910365519986,239.52938200672,2.99266485951755
"rcp45","EC-EARTH_RACMO22E-r1","ADAPTATION","w6",2.73571358000298,4.53089710100029,-689.947004687238,69.380892178134,8.00615000935976,16241.9545778209,274325.755008811,2.07973810430391,1.96908725156958,8.45286386101563,866.171592301217,237.447908017019,2.97525384017619
"rcp45","EC-EARTH_RACMO22E-r1","ADAPTATION","w7",2.79720016442826,4.25682058319492,-760.38173674035,70.1177210361763,8.0896606564912,16417.1969066468,276039.532638441,2.08404960472384,1.97186010714249,8.50794190844896,866.392727395896,240.813619181505,2.99558419189983
"rcp45","EC-EARTH_RACMO22E-r1","ADAPTATION","w8",2.77833323756251,4.29912957173075,-620.042799031104,69.0514638832199,7.98656294740113,16158.8643234844,273781.691216935,2.10305419860756,1.9981515585708,8.4282954590796,865.265076997818,235.821564693231,2.97522740161927
"rcp45","EC-EARTH_RACMO22E-r1","ADAPTATION","w9",2.70499683791389,4.7034069401499,-789.908728085168,69.3856449773243,8.00967122783841,16370.5890721048,273579.097850081,2.08329262501103,1.97566945045769,8.53938563997223,865.367438118008,234.499387083619,2.95097195707222
"rcp45","EC-EARTH_RACMO22E-r1","BAU","w5",2.58205505994007,5.6438562633801,-1066.1953701306,58.3428259088951,6.13390733545616,16175.9066517894,269699.002055992,1.79172887384275,1.71021035259998,9.48340244971356,867.196692436132,241.430991234045,2.93038916694046
"rcp45","EC-EARTH_RACMO22E-r1","BAU","w6",2.51562076021736,6.36678930204901,-1281.61355680832,56.7527313036145,5.97723230852202,16303.1090173125,267326.045044941,1.78459313095849,1.70195033288784,9.68439104313876,866.677562965021,235.927628502544,2.86878906512136
"rcp45","EC-EARTH_RACMO22E-r1","BAU","w7",2.54869228169941,5.96772173324483,-1293.54148312338,57.1048963595806,6.01038156968697,16331.7744863429,269201.534966949,1.77805605582038,1.69481926300223,9.69633356231372,869.07646714901,240.089385403225,2.90254380912979
"rcp45","EC-EARTH_RACMO22E-r1","BAU","w8",2.5697563109787,6.01550800734406,-1098.47153434168,58.9114597687676,6.17079970089344,16153.1979191878,268277.246748064,1.82975450371406,1.74997316262807,9.63933819509071,866.229144416804,238.223661138322,2.89619513331758
"rcp45","EC-EARTH_RACMO22E-r1","BAU","w9",2.45896182629279,6.32765385846719,-1381.44995351431,57.6931481403204,6.06176850484968,16380.1272931785,265409.004534247,1.81223353749534,1.73575827256115,9.67410155775625,863.567931268995,230.368860935864,2.81701292664403
"rcp45","EC-EARTH_RACMO22E-r1","BIOECONOMY","w5",2.74171185394423,4.59248082062756,-604.795255159181,60.1807996945011,6.69103268735336,15666.5849758027,272555.094926885,1.74399314126393,1.67102187362665,8.61271278969174,871.57916604944,240.678897148258,3.18548409190632
"rcp45","EC-EARTH_RACMO22E-r1","BIOECONOMY","w6",2.74393414059956,5.16972070576516,-704.612396199884,60.8857392418106,6.79588066084969,15885.4246937034,271894.057385586,1.76334409281844,1.69183121977187,8.65638348388057,870.54973436462,238.041016750778,3.15966596149764
"rcp45","EC-EARTH_RACMO22E-r1","BIOECONOMY","w7",2.80949608854402,4.47026872254767,-597.206967951823,60.2724248134978,6.74171226979375,15790.7311057949,274147.317315651,1.73931655582052,1.6652767977497,8.43036054737809,871.352690649457,243.483161686787,3.23042187085897
"rcp45","EC-EARTH_RACMO22E-r1","BIOECONOMY","w8",2.7760017022177,4.74249856995968,-543.924160256597,59.6132185310147,6.65996431190414,15553.7080048063,271687.429905519,1.75870367100177,1.686734260215,8.5214756727201,872.580580822991,239.267038387574,3.1893782729483
"rcp45","EC-EARTH_RACMO22E-r1","BIOECONOMY","w9",2.77844576407353,4.64711620429386,-653.010033460027,60.8864958636432,6.79255266450957,15832.4217702256,272758.930939262,1.7566256513086,1.68509530349324,8.38980908416946,869.283345112745,240.037788504947,3.18246908964649
"rcp45","EC-EARTH_RACMO22E-r1","CONSERVATION","w5",2.85955139108634,6.8166094861753,-1174.28518858619,86.9229258303468,9.06080873610482,23192.0033496877,296353.448668931,2.02816832078756,1.92352827026474,6.20310789696124,841.270469886119,274.163218073317,3.05566522302608
"rcp45","EC-EARTH_RACMO22E-r1","CONSERVATION","w6",2.74987798764632,7.65317648321485,-1396.99389811658,84.4323046554333,8.81751141381412,23672.8060472776,292926.709265022,2.01717227597778,1.9125822089982,6.26318540834009,840.461871336066,264.843272189671,2.9718433729507
"rcp45","MPI_CCLM","ADAPTATION","w5",2.93485845868297,3.88255947506893,-488.963675006214,66.8985339144517,7.73674693808283,17088.5221109734,263615.071317081,2.10866252587854,2.01481341254634,7.70482661308848,874.887862576174,220.427636204041,2.7470821948134
"rcp45","MPI_CCLM","ADAPTATION","w6",2.89615067706662,4.2813557956766,-539.503779504583,67.2955881409801,7.75895716523852,17030.0073722602,262881.963153272,2.1070600029814,2.01285525721355,7.71600390821706,875.197521124263,218.954931978116,2.72952769743696
"rcp45","MPI_CCLM","ADAPTATION","w7",2.95852498159626,4.00083019451712,-622.941167678112,66.8869139270159,7.72534154191745,17281.4589115537,264516.7830872,2.09300908973472,1.99706262079614,7.82724254228177,874.996350210642,221.251039785518,2.75948262629263
"rcp45","MPI_CCLM","ADAPTATION","w8",2.9630281917464,3.99352197303275,-501.606376512363,66.4648463406647,7.68813105658745,16825.5895277712,262886.259962442,2.11701536215043,2.02431849947679,7.79355871604416,874.95463771411,219.336664350791,2.7472640816557
"rcp45","MPI_CCLM","ADAPTATION","w9",2.88094936738002,3.99761588594772,-554.640295318963,66.9534574437121,7.74639164462207,17145.5060446112,262702.096581681,2.10494580131896,2.01311250864509,7.75006198637154,873.999409012648,217.652358529643,2.72695334936038
"rcp45","MPI_CCLM","BAU","w5",2.71650317823086,5.45105657828485,-963.423120976046,57.6319883735249,5.97376104503158,17016.4528501704,260257.131978362,1.82967754692052,1.75730277548313,8.84654689940755,877.127954680026,227.351037432168,2.72186912920902
"rcp45","MPI_CCLM","BAU","w6",2.62981591460776,5.84884603931987,-1121.10421066052,57.0828867047977,5.9104579647806,16993.1890595303,257322.722075845,1.83183952423053,1.76227411541135,8.93744390978801,875.146668368751,220.631106350137,2.65946278140531
"rcp45","MPI_CCLM","BAU","w7",2.73947919549494,5.57063787573048,-1087.72244759232,56.8837523763873,5.90730422719484,17237.0339445105,260906.453377787,1.80743034274521,1.73642744833235,8.89552887114203,877.735540826199,227.214561168599,2.73439243433649
"rcp45","MPI_CCLM","BAU","w8",2.69520031516293,5.46962138746891,-906.490366799712,57.4306630372872,5.92400590683381,16701.1978637939,258006.14733073,1.85668250966738,1.78701013806859,8.8760099230589,876.614812290635,223.687132312258,2.69240367144167
"rcp45","MPI_CCLM","BAU","w9",2.62117493450687,5.63607928619148,-1129.65190169531,57.3912818238474,5.94529513874592,17033.737490403,256897.564089652,1.84279019705411,1.77448570985971,8.8346113056451,873.779915974853,219.54762135453,2.64411716931829
"rcp45","MPI_CCLM","BIOECONOMY","w5",2.90625156676093,4.27372965648546,-466.455816842492,57.5019019597389,6.39378680832474,16446.8044005593,260052.248880904,1.78151053009976,1.71597601223359,7.90056324845139,881.907973681265,221.360144968704,2.89617657627437
"rcp45","MPI_CCLM","BIOECONOMY","w6",2.91035728700702,4.74194127704162,-534.470213035623,58.5957670566676,6.51589823537103,16569.8787353932,260254.113572323,1.79441144539239,1.73281779479353,7.85148567328623,878.278848518968,219.777292433135,2.89569804600263
"rcp45","MPI_CCLM","BIOECONOMY","w7",2.94308408901302,4.39185054819076,-542.64069121668,57.5761450087389,6.42635953604179,16662.5224494033,261343.172487217,1.77563529371677,1.71310828390692,7.94573182436899,880.836048419699,221.775460797644,2.92569400241234
"rcp45","MPI_CCLM","BIOECONOMY","w8",2.91715196095641,4.37430013372352,-375.032402489494,57.7333455344464,6.41418238093448,16103.1455512931,259592.689583192,1.80987379510835,1.74887253191777,7.90110875214428,881.465661749289,220.614060026563,2.90841937169577
"rcp45","MPI_CCLM","BIOECONOMY","w9",2.86249254637894,4.58839526214331,-627.274981611833,58.2878739069629,6.48314040991261,16597.2781627193,258979.747507738,1.80435953458112,1.74418052119891,7.95929722461134,877.039058607543,216.525332089856,2.85856384108747
"rcp45","MPI_CCLM","CONSERVATION","w5",2.98237926173829,5.99214192532718,-942.260006856707,85.1632414562028,8.85284089549885,23583.949790563,281850.933919861,2.08166762299007,1.99123884085914,5.56170680713814,850.014852111295,247.710071237716,2.78815794993369
"rcp45","MPI_CCLM","CONSERVATION","w6",2.81864977806866,6.88246792296359,-1146.40287255532,84.7888772336431,8.84423236132211,24144.4831015086,277887.234521348,2.103716149937,2.01933961790606,5.62428054055686,847.003455104674,235.931747870116,2.69091971999877
"rcp45","NCC_HIRHAM5","ADAPTATION","w5",2.94408101102882,4.20045384298844,-741.035117918708,71.8390714237625,8.22844278841431,15412.6952109275,272000.98883328,2.10049739981162,1.99779322281924,8.52750912476167,880.786839251695,242.820188394959,3.01903964950961
"rcp45","NCC_HIRHAM5","ADAPTATION","w6",2.93443627116417,4.45751490725966,-787.174817474993,71.521376083817,8.19761708812148,15445.7653769587,270900.703496157,2.10781625753963,2.00350449739863,8.47607961047661,879.274327628655,240.847197196717,2.98833855742358
"rcp45","NCC_HIRHAM5","ADAPTATION","w7",2.97364908934785,4.28865170752907,-849.961137322617,71.8084741296329,8.20002489242509,15540.4384596641,272868.033277937,2.09136236717396,1.98626143524205,8.60407036728149,880.474904026188,244.945773449733,3.02524465035693
"rcp45","NCC_HIRHAM5","ADAPTATION","w8",2.93893722892764,4.15999560331838,-725.198355443689,71.1242827884801,8.11212526615148,15157.3186972332,270382.295185539,2.11363681868441,2.01306020374191,8.55041740179037,880.127322237713,240.325048459864,3.00154031872243
"rcp45","NCC_HIRHAM5","ADAPTATION","w9",2.85478669094625,4.65647736400623,-872.655914157644,71.4693066883327,8.16090327631906,15519.0090029788,268851.741507599,2.11113482354404,2.01408311726812,8.58593356673398,878.733644316637,235.03149621171,2.94391530974792
"rcp45","NCC_HIRHAM5","BAU","w5",2.71113807116,5.87101491335917,-1204.01331152662,61.4977745430981,6.35727383477396,15615.8822877692,266503.443806391,1.82153890138698,1.74939968940673,9.68802384718697,885.388073799015,244.120941015237,2.93573700365242
"rcp45","NCC_HIRHAM5","BAU","w6",2.6224864958836,6.54453850084169,-1387.02812696052,59.5355788592322,6.19112510075877,15677.3887389334,262209.924037554,1.83072016537695,1.76034885904134,9.79151425505268,882.418376681567,234.13889543975,2.84007640476761
"rcp45","NCC_HIRHAM5","BAU","w7",2.70137726925038,6.12973710367989,-1340.88884897083,60.8981120943271,6.29480254297706,15744.6396624819,266244.57669854,1.81174897857782,1.73948012275133,9.79495312706784,886.7312843556,243.051595204524,2.92339260314227
"rcp45","NCC_HIRHAM5","BAU","w8",2.72868102422417,5.69806347111009,-1058.59071416989,61.0677587831609,6.31298883775217,15377.6471064517,265287.426905246,1.82963638899664,1.75833094835657,9.54388298687345,884.652799903852,243.095917184802,2.93626210738221
"rcp45","NCC_HIRHAM5","BAU","w9",2.62007290112414,6.30946524901744,-1411.32473376015,60.9508404539077,6.32292727395791,15721.830723861,263148.526714876,1.83454994658866,1.76665417434802,9.74991293393075,881.69359796096,235.534747843151,2.85641005191565
"rcp45","NCC_HIRHAM5","BIOECONOMY","w5",2.9371511503711,4.72691083521348,-721.743029630072,62.899942718863,6.94953778620948,15032.515011808,269265.143218534,1.78176579626611,1.71574003024129,8.64370850828112,885.328203793915,243.239062682965,3.19250218442331
"rcp45","NCC_HIRHAM5","BIOECONOMY","w6",2.93166164531063,4.87756666536512,-706.612981185484,63.7839272222195,7.03523658182075,15046.5194131818,268748.732250505,1.79025124181783,1.7280695249454,8.42542393967807,882.698716153461,241.620240386117,3.18437921387983
"rcp45","NCC_HIRHAM5","BIOECONOMY","w8",2.91189782327665,4.69270772592178,-619.045776968822,61.7050273890521,6.80141104067809,14788.4034747956,268021.026500811,1.77847161853372,1.7139336544049,8.56669569180506,887.377193001326,242.100751180001,3.19279060717714
"rcp45","NCC_HIRHAM5","BIOECONOMY","w9",2.95196870270414,4.81643461504533,-758.753259532713,63.0898859017367,6.97942927803132,15140.2951085789,269376.382801231,1.78168238205444,1.71780406939676,8.45390678898775,882.810161968551,242.369658833397,3.19370183196037
"rcp45","NCC_HIRHAM5","CONSERVATION","w5",3.04796198622698,6.50358445233093,-1106.41254930637,91.2596856227556,9.44937190537389,21860.7845243599,291469.334031251,2.07715652611127,1.98439001467068,6.10649806536908,856.707645073948,273.734212115955,3.07195951092311
"rcp45","NCC_HIRHAM5","CONSERVATION","w6",2.90047013892834,7.47473495084312,-1372.62174284851,90.0229916639798,9.33375846249663,22614.5948114739,287049.646742273,2.08904076137952,1.999719592342,6.23412337483778,853.653774713621,260.587600088224,2.95818277028151
"rcp85","EC-EARTH_RACMO22E-r1","ADAPTATION","w5",3.14576863206066,5.23009348117095,-1000.40223320063,74.650071254025,8.4337194109778,15528.4457848292,279811.709522206,2.06889519141692,1.94127019711346,9.84497401203392,916.223683653513,265.691020375503,3.19326339187667
"rcp85","EC-EARTH_RACMO22E-r1","ADAPTATION","w6",3.09341872249177,5.81684930908122,-1114.55529602965,74.5959728961677,8.46289540953948,15643.237499339,277493.068060013,2.08128444612336,1.95765834107786,9.91542983580384,913.801622266318,259.450987548255,3.13957458673482
"rcp85","EC-EARTH_RACMO22E-r1","ADAPTATION","w7",3.16070341778841,5.36462023487238,-1158.2531194871,75.6969676772606,8.56799062791517,15692.9963262302,279999.561758188,2.0725206672587,1.94514071988115,9.93236004701083,914.88350702651,265.482799451914,3.18260277666695
"rcp85","EC-EARTH_RACMO22E-r1","ADAPTATION","w8",3.14353142801329,5.28207634005485,-967.187728566041,74.2902765233703,8.40485632491714,15405.0362713389,278893.090634994,2.07166548195692,1.94581538402528,9.928338885439,915.811572073864,263.653393929302,3.19189775315863
"rcp85","EC-EARTH_RACMO22E-r1","ADAPTATION","w9",3.03841483949371,5.69546910501967,-1150.03375138762,74.442961400452,8.43527199201481,15596.5821759621,276035.486659507,2.08914267359035,1.96850744761626,9.90010649548108,912.811079102325,256.133951214457,3.1057836591533
"rcp85","EC-EARTH_RACMO22E-r1","BAU","w5",2.86493517137019,7.27889457244793,-1552.80011531447,63.7112116082433,6.55306766112007,15775.410195411,272309.483804616,1.78070379974086,1.68830460435142,11.1600870262304,921.658220273108,262.342263805042,3.04535844815774
"rcp85","EC-EARTH_RACMO22E-r1","BAU","w6",2.83104753313681,7.52163733534091,-1647.04842355773,62.6284380360707,6.44220695065311,15835.8610874816,270682.666442868,1.76782313921665,1.67875528612168,11.2279744788353,921.205695818022,258.14007244737,3.02024871607379
"rcp85","EC-EARTH_RACMO22E-r1","BAU","w7",2.90373594994166,7.24837591755513,-1708.70634592947,62.5632797789657,6.43343593900373,15882.1063048591,273334.855150362,1.74879881042064,1.65323000629508,11.1739693422205,922.329673429656,265.182728547263,3.0586711924726
"rcp85","EC-EARTH_RACMO22E-r1","BAU","w8",2.85903868441896,7.08533124963009,-1487.16018725086,61.8654717859065,6.37230736990145,15632.551581976,271288.805936995,1.77557594900242,1.6853417336552,11.1321308865817,919.342434838439,260.805182784518,3.05035281969025
"rcp85","EC-EARTH_RACMO22E-r1","BAU","w9",2.78867660061622,7.53187308637452,-1771.82790153701,62.103414864447,6.3973708127037,15854.025942017,268417.359937308,1.77393990918494,1.68399111335519,11.0687904954031,916.748791862867,252.778123792952,2.96375445202677
"rcp85","EC-EARTH_RACMO22E-r1","BIOECONOMY","w5",3.10192623069691,6.03686903415748,-1056.49190253317,63.7017631910185,6.96634899661802,15414.274146355,276391.809226008,1.71366813817655,1.62391904908377,10.2317475783823,930.672176084261,264.779054166479,3.34285527764442
"rcp85","EC-EARTH_RACMO22E-r1","BIOECONOMY","w6",3.08144360725006,6.49586536696176,-1141.85938434366,65.2510696063718,7.10933136383078,15548.2259598893,275842.477485731,1.73344295268866,1.64635888558529,10.1656929446244,928.420989704763,262.260917788591,3.31053907526635
"rcp85","EC-EARTH_RACMO22E-r1","BIOECONOMY","w7",3.11900767448715,6.0120720363482,-1156.32682293374,64.2880128329549,7.01967947728482,15511.7536993167,277134.250322675,1.70768084960975,1.6169690502244,10.2545339326103,930.245010682146,266.122854417185,3.35167796394883
"rcp85","EC-EARTH_RACMO22E-r1","BIOECONOMY","w8",3.05045466466841,6.5073026212185,-1127.25255889842,63.1447102372314,6.89241866669511,15358.6336322482,274055.645262541,1.73141413761493,1.6436248961503,10.5199016512306,930.616749310884,259.598554814459,3.28976443161197
"rcp85","EC-EARTH_RACMO22E-r1","BIOECONOMY","w9",3.05892553528931,6.36533234093275,-1218.15220436338,64.6258764893246,7.05508086369193,15570.144162224,275054.250044705,1.73220500472376,1.64523731908323,10.252767181185,926.394149563961,260.285225808527,3.29019855663684
"rcp85","EC-EARTH_RACMO22E-r1","CONSERVATION","w5",3.28813156578446,8.16521185516411,-1522.0115473989,94.1238768730263,9.69951689111336,22559.9136883721,300532.132989552,2.01705458112526,1.90401646313196,7.05597214200158,888.113095939854,298.578331361143,3.23654375225219
"rcp85","EC-EARTH_RACMO22E-r1","CONSERVATION","w6",3.18082713668224,8.71427903901996,-1697.09699800223,92.5313359948499,9.52617471943451,23031.3952756068,296209.551302789,2.03170091974394,1.92122976624486,7.00614728302604,886.602685308715,286.94233541735,3.13234665104578
"rcp85","HadGEM2_CCLM","ADAPTATION","w5",3.06776346998603,3.65276520548283,-674.834790009402,62.0405582755445,7.21484876121513,20627.4248683367,265943.147749556,2.11011236512977,2.04565495419253,6.66169945353745,827.707559416987,190.53054074544,2.46299731075317
"rcp85","HadGEM2_CCLM","ADAPTATION","w6",2.96450144644268,4.03045391680046,-788.132009229689,61.2303142607877,7.10200259220793,20477.6933791847,262914.423250451,2.11828647720051,2.05865659180816,6.85619001178365,825.859260565033,184.440341181367,2.39923360284054
"rcp85","HadGEM2_CCLM","ADAPTATION","w7",3.10956079018165,3.64934950190497,-753.33961382687,61.41296402204,7.14996969685344,20866.8397837994,266129.956561796,2.10210633006015,2.03712155761271,6.72648714572925,827.745263244275,190.520335266546,2.45710800584705
"rcp85","HadGEM2_CCLM","ADAPTATION","w8",3.01792456147023,3.65857651723479,-669.525181897542,60.964351226842,7.09026294230735,20165.1414009006,264322.491072486,2.12530371893197,2.06456744463922,6.75898077071777,826.620235690075,188.376396312377,2.44554450091751
"rcp85","HadGEM2_CCLM","ADAPTATION","w9",2.98409108019809,3.81100075047804,-788.576046749793,61.4026735102521,7.1151679383928,20669.434596862,263502.020779121,2.11240955722292,2.05150918884243,6.76264287520791,825.437322854258,185.17637264163,2.406794478612
"rcp85","HadGEM2_CCLM","BAU","w5",2.89267595352204,5.21163148046598,-1450.40885297169,52.6063582605515,5.51402739858461,20726.663667596,257092.790878059,1.95268876403653,1.90897595016723,7.9349634748368,818.205073692525,183.747488716808,2.29088600447042
"rcp85","HadGEM2_CCLM","BAU","w6",2.75646351198566,5.65707146453556,-1615.34324042299,52.3558771418039,5.48727350248423,20664.60010485,252938.046712288,1.9779023591036,1.93990966759417,7.99703057431296,814.482840249785,174.725687224222,2.20205180282639
"rcp85","HadGEM2_CCLM","BAU","w7",2.92406174981371,5.36447229266669,-1586.87558311018,52.6391398189994,5.52740268584734,21009.8202445036,257125.06895646,1.94170218858779,1.89990486156533,7.94916689940416,817.400036739944,182.715204671343,2.28302479911839
"rcp85","HadGEM2_CCLM","BAU","w8",2.81766182890344,5.03291396396863,-1343.36194923887,51.6151447477802,5.42747035755979,20088.5253009599,255074.827700019,1.96901934395362,1.92947699449491,7.88679225040077,817.580669799736,181.472273708692,2.2888626630056
"rcp85","HadGEM2_CCLM","BAU","w9",2.84620488555725,5.37354694189379,-1582.20328055583,52.9741452854885,5.55539764722661,21075.7730337634,255565.706769705,1.96460016031303,1.92466016435719,7.85168533689482,814.789805544335,179.020142531063,2.24446304272453
"rcp85","HadGEM2_CCLM","BIOECONOMY","w5",3.02576251843931,4.15728681079054,-758.351107699468,53.7687049668255,6.00760666505355,19770.5303827864,257733.342193405,1.89507712720012,1.85774289130101,6.94676447999599,827.183297036363,182.032555874991,2.46513480345835
"rcp85","HadGEM2_CCLM","BIOECONOMY","w6",2.97166327007671,4.43772596481171,-870.583280668006,55.9725824382034,6.22870476947307,19930.7779382869,256002.984313655,1.93063258305159,1.89912656755618,6.81706224982506,822.859303113426,177.065020909336,2.40025970701923
"rcp85","HadGEM2_CCLM","BIOECONOMY","w7",3.06298515187689,4.25683526677126,-838.315862537986,53.9381841752321,6.04929507394619,20080.4636773902,257975.775963856,1.89837745625942,1.86030289988913,6.98033082153453,827.4422471056,181.176584717483,2.45804621457528
"rcp85","HadGEM2_CCLM","BIOECONOMY","w9",2.95822478616018,4.24773812140422,-845.774472091707,54.4056716758508,6.0644569264653,19934.4517289996,256857.066706132,1.90788734285763,1.87349156154989,6.92466881677275,826.153882568736,179.061128463552,2.42887654750625
"rcp85","HadGEM2_CCLM","CONSERVATION","w5",3.42180863901667,5.47173797638079,-1437.43907063062,74.3379989898755,7.83636250651733,29126.8685351424,278510.272430459,2.1204868533251,2.05724355007632,4.8583142296275,798.286409797415,200.314101738977,2.36004465032241
"rcp85","HadGEM2_CCLM","CONSERVATION","w6",3.26001452498227,5.89382007231392,-1536.53405490605,73.8045944899874,7.76894869909702,29357.6756872186,274280.116377024,2.1375361842364,2.07941015920932,4.78945289787848,794.921041250185,190.553028989305,2.26526480601587
"rcp85","MPI_CCLM","ADAPTATION","w5",3.52780299535509,3.86737338249496,-939.263250824679,68.3028292275925,7.8998130810683,17158.7762839141,267718.848585581,2.10701448373419,2.0102175346277,8.04442007246799,865.21649164205,228.474636566597,2.84969749449534
"rcp85","MPI_CCLM","ADAPTATION","w6",3.46257013836489,4.58325213524865,-1048.84832660526,68.7141496169848,7.94856863759668,17384.5545068279,265994.765065521,2.11350628743093,2.02227989517107,8.15284509581626,864.495978475835,223.680722576348,2.80495471099457
"rcp85","MPI_CCLM","ADAPTATION","w7",3.56502272357965,3.99262800408235,-1085.14328812426,68.8879305910627,7.96663705278062,17448.4026582562,268886.217075804,2.09401417306264,1.99487358425777,8.22731263613694,866.630148617148,230.332246074209,2.86051378404079
"rcp85","MPI_CCLM","ADAPTATION","w8",3.47576727342517,3.91509202902734,-911.962080744341,68.5377865221744,7.89763404228315,16938.9870022493,265837.850117196,2.12757111497481,2.03554229921924,8.12577468404297,864.447911972677,225.31748826385,2.8207537231831
"rcp85","MPI_CCLM","ADAPTATION","w9",3.36679318986441,4.46567871494027,-1110.08314698161,68.872314054434,7.93451129331473,17202.1906301859,264793.183481908,2.11581847438005,2.02597045464153,8.23381298277435,862.119545893871,221.093698208935,2.77804938979869
"rcp85","MPI_CCLM","BAU","w5",3.01984130419508,5.7493249946428,-1417.54231967563,58.8385772232442,6.15559288835477,16834.3624955338,261937.088259301,1.85400104213217,1.78468911353247,9.26280365704255,867.011684224334,229.861196519439,2.77420426116048
"rcp85","MPI_CCLM","BAU","w6",2.96170599039578,6.53895426069543,-1657.3359902529,58.5762280989661,6.12870529183353,17113.8347978944,259069.013185322,1.87397827159621,1.80529400497754,9.48868324799393,865.749208008301,222.67024417428,2.68852901482484
"rcp85","MPI_CCLM","BAU","w7",3.0129504153189,5.90046850271813,-1620.70806502329,59.2626101833301,6.18680127853042,17024.1116995729,262599.626842325,1.84476166158082,1.77297478007888,9.39933833755058,867.635556533754,230.916763348429,2.76216113640294
"rcp85","MPI_CCLM","BAU","w8",3.01507235128636,5.71947540163889,-1282.90331799485,59.0564255423895,6.14930408485915,16619.0517281792,260585.507252222,1.87805663086607,1.81254587243146,9.20276512348352,866.848752379473,228.180056200613,2.76773505801518
"rcp85","MPI_CCLM","BAU","w9",2.91928131944452,6.46116966152711,-1726.55887061778,57.7487809427482,6.05909642553702,17107.6188568557,258501.309998593,1.8631904008452,1.79791010428588,9.41687230311871,864.244763053049,220.457736177585,2.68172998189806
"rcp85","MPI_CCLM","BIOECONOMY","w5",3.41078760481626,4.61311117853976,-1054.26952806338,59.1760952011618,6.60183712706262,16817.5345513382,265139.936898273,1.78963653990145,1.72275607278309,8.33813685201787,875.764824870827,229.533994049631,2.9907692243628
"rcp85","MPI_CCLM","BIOECONOMY","w6",3.41485400738524,5.12971052036364,-1115.46278624216,61.2789953183724,6.79674239125906,17074.9243272848,265117.884075577,1.81314792731531,1.75106625512686,8.21402597693696,873.310950120456,227.499452658408,2.97003859242677
"rcp85","MPI_CCLM","BIOECONOMY","w7",3.45274072004857,4.52035102019915,-1081.55558958839,59.7626206237956,6.66611588910322,16898.3020175312,266499.351500155,1.78141705300007,1.71322281407078,8.32362055274421,875.371842603613,231.989096190858,3.0205779773216
"rcp85","MPI_CCLM","BIOECONOMY","w8",3.30975594971171,4.65275416672097,-957.481236577388,59.1598693888477,6.56761189629599,16375.6313259824,263381.270797982,1.80149033953296,1.73613387892876,8.44634128124242,876.722428493711,227.499270991994,2.98214283194901
"rcp85","MPI_CCLM","BIOECONOMY","w9",3.36120089784685,5.0547571439222,-1181.50348780593,60.2995911428913,6.7208604902528,17040.3096611566,264027.874630082,1.80773027381292,1.7467596131985,8.33875788577694,872.309838030291,224.673803355321,2.95280238224169
"rcp85","MPI_CCLM","CONSERVATION","w5",3.54289865577873,6.49073839681023,-1416.00460935106,87.473771125226,9.13905452307589,23826.5092671554,286711.359033378,2.08942434759532,2.00060879399938,5.87093745716077,837.884830853117,256.517518436963,2.89494183737896
"rcp85","MPI_CCLM","CONSERVATION","w6",3.28536487148348,7.6626235171419,-1736.06710077237,84.8336086603317,8.88994570278622,24995.6640943848,281467.80871236,2.1053283125287,2.02125669065179,6.04538909695182,836.787010183294,241.287234683006,2.75009102616873
"rcp85","NCC_HIRHAM5","ADAPTATION","w5",2.705467948581,4.37081750065719,-852.127238239073,71.0640621528139,8.23382979811423,14182.288288452,262010.941984692,2.12571442315132,2.0342273942236,8.45011548566107,843.797584769809,230.97762517525,2.94372014545596
"rcp85","NCC_HIRHAM5","ADAPTATION","w6",2.68196850070356,4.70746106607215,-875.000691644645,71.940205270257,8.31868752365914,14237.5539856987,261422.006084812,2.13204701287225,2.04584961778455,8.33661158595828,841.695513491776,228.86858999949,2.93046464178352
"rcp85","NCC_HIRHAM5","ADAPTATION","w7",2.73885606568299,4.24577133388496,-873.617910379285,72.0026442784213,8.32864783967486,14245.5821286891,263377.262452113,2.12328380748344,2.03276688022461,8.33392851573608,842.694070715374,233.476198239358,2.97214753190909
"rcp85","NCC_HIRHAM5","ADAPTATION","w8",2.71080157964325,4.31975354106642,-779.656290955324,71.0416384909816,8.22531322309783,14039.3953235351,261431.17063597,2.13790178381813,2.05209592256235,8.3286291896249,843.21599204552,229.421737825803,2.94672416143288
"rcp85","NCC_HIRHAM5","ADAPTATION","w9",2.66666869566234,4.47343744288028,-860.552710861166,72.3289224381161,8.33264524296783,14210.3931464661,261195.465250357,2.12908101916951,2.04339345361518,8.2941054053541,840.79978525374,227.927479625102,2.93032648534748
"rcp85","NCC_HIRHAM5","BAU","w5",2.45886603245522,6.24049323285454,-1425.96248346816,60.6668623788592,6.36806643757336,14366.3113553908,255297.43717538,1.89183277724554,1.83085788163525,9.79792502047848,844.99293704237,227.916485850024,2.81925869685015
"rcp85","NCC_HIRHAM5","BAU","w6",2.36417665438763,6.75728357554645,-1537.08258815122,60.8795730775583,6.39096509291604,14344.5461677107,251275.149670438,1.91466499499883,1.85669110913038,9.6875613070759,841.079938762492,219.224920346722,2.73398689965669
"rcp85","NCC_HIRHAM5","BAU","w7",2.46684124907464,6.10533657458241,-1493.42156844995,60.4726730731417,6.35726580074807,14319.9447721785,255237.984909816,1.88258662779337,1.81832904845824,9.70891600682852,845.470912946691,228.933921917395,2.81894254704999
"rcp85","NCC_HIRHAM5","BAU","w8",2.46624303904297,6.081012192399,-1274.56779263764,60.0728994471345,6.30410800607949,14111.2719273572,254943.710127824,1.89811728476766,1.83671711014967,9.6543334077266,845.257700901276,228.416573370591,2.83829268918404
"rcp85","NCC_HIRHAM5","BAU","w9",2.37703760032001,6.67844412283105,-1602.19062401979,61.0995066303851,6.40644088317999,14427.9065406421,252079.505361442,1.90962765695779,1.85020046687379,9.69516828083795,841.147558083467,220.526575723544,2.73934783917592
"rcp85","NCC_HIRHAM5","BIOECONOMY","w5",2.62255628692638,4.96463867420806,-913.373230549915,62.8267937540872,7.01222697442696,13845.6606986001,257989.808195201,1.8431533950341,1.78933333173429,8.64025616000319,847.978111220596,226.842076674369,3.07031150417702
"rcp85","NCC_HIRHAM5","BIOECONOMY","w6",2.6220025882883,5.37029137413459,-947.206071186648,64.2162758676046,7.14001494405607,13944.1731239861,257274.74763146,1.86055584339278,1.80745027161894,8.50224457073702,846.319316181246,225.217561800869,3.04114356224822
"rcp85","NCC_HIRHAM5","BIOECONOMY","w7",2.63621425301897,4.9678704857258,-957.082985764929,62.8684768639669,7.00029596634613,13853.8867839838,257873.055952294,1.83399291877282,1.7774319080372,8.68936970560383,849.537620166273,227.782798705783,3.06509367030283
"rcp85","NCC_HIRHAM5","BIOECONOMY","w8",2.58570900159681,5.25817142611681,-883.503249992563,62.2471436653334,6.93925347055337,13727.1269037142,255871.09240776,1.85851748956239,1.8047824052787,8.68875807086344,849.85272791057,223.250333322717,3.02650773868536
"rcp85","NCC_HIRHAM5","BIOECONOMY","w9",2.59567417941228,5.32367112355142,-1007.625437277,62.9288758995384,6.99745392340814,13962.7145010329,256216.546608113,1.84956619159231,1.79645490281141,8.60895193215431,847.200688886477,222.88281511559,3.01554226118759
"rcp85","NCC_HIRHAM5","CONSERVATION","w5",2.7440973376225,6.97438747306992,-1345.89377278412,88.9369765873573,9.36016018219491,20512.8204420107,281080.202742443,2.08769212657873,1.99939632187297,6.13719746354588,815.83352541507,260.275760848819,2.99101025140959
