"","mgm","model","windcase","rcp","wind.damaged.vol","landscape_volume_yearstart","rt","impact","auc","norm.auc","one.minus.norm.auc"
"1","ADAPTATION","EC-EARTH_RACMO22E-r1","w5","rcp45",75.5678886661088,281.430946726092,23,26.851307414908,-410.072093321886,0.0820144186643772,0.917985581335623
"2","ADAPTATION","EC-EARTH_RACMO22E-r1","w5","rcp85",83.5756337456853,309.36221561431,25,27.0154626284036,-403.344523339786,0.0806689046679572,0.919331095332043
"3","ADAPTATION","EC-EARTH_RACMO22E-r1","w6","rcp45",72.1885481144272,275.324186953296,22,26.2194720025352,-369.989887894788,0.0739979775789577,0.926002022421042
"4","ADAPTATION","EC-EARTH_RACMO22E-r1","w6","rcp85",81.9272455718954,301.973769398506,25,27.1305834725593,-402.805555996651,0.0805611111993302,0.91943888880067
"5","ADAPTATION","EC-EARTH_RACMO22E-r1","w7","rcp45",72.3529406852443,280.053934772796,23,25.8353594438669,-396.515446631929,0.0793030893263857,0.920696910673614
"6","ADAPTATION","EC-EARTH_RACMO22E-r1","w7","rcp85",79.6609035218639,307.938172606809,25,25.8691226383223,-409.64900262751,0.0819298005255019,0.918070199474498
"7","ADAPTATION","EC-EARTH_RACMO22E-r1","w8","rcp45",71.3902458881228,276.535005530374,23,25.8159887393647,-407.103629141364,0.0814207258282728,0.918579274171727
"8","ADAPTATION","EC-EARTH_RACMO22E-r1","w8","rcp85",80.5514507747076,303.995043467075,25,26.4976197822225,-379.941003857712,0.0759882007715424,0.924011799228458
"9","ADAPTATION","EC-EARTH_RACMO22E-r1","w9","rcp45",73.674076083597,271.108902937811,22,27.1750854675905,-382.200747052454,0.0764401494104908,0.923559850589509
"10","ADAPTATION","EC-EARTH_RACMO22E-r1","w9","rcp85",84.0228828875451,295.43448061913,22,28.4404456485451,-383.302234383536,0.0766604468767072,0.923339553123293
"11","ADAPTATION","HadGEM2_CCLM","w5","rcp45",65.3879349515358,229.219182427409,20,28.5263799735624,-346.785348341322,0.0693570696682645,0.930642930331736
"12","ADAPTATION","HadGEM2_CCLM","w5","rcp85",69.4220089786544,229.570435675135,16,30.2399604611517,-240.902853279555,0.0481805706559111,0.951819429344089
"13","ADAPTATION","HadGEM2_CCLM","w6","rcp45",62.1765814772551,224.437945659329,20,27.7032394386785,-338.236961851486,0.0676473923702973,0.932352607629703
"14","ADAPTATION","HadGEM2_CCLM","w6","rcp85",64.9488168854589,219.100365852131,15,29.6434086875475,-225.535449494376,0.0451070898988753,0.954892910101125
"15","ADAPTATION","HadGEM2_CCLM","w7","rcp45",59.9818684260855,229.080201443931,20,26.1837854375933,-340.811912493127,0.0681623824986253,0.931837617501375
"16","ADAPTATION","HadGEM2_CCLM","w7","rcp85",66.1296767668209,229.264872715005,16,28.8442254514173,-244.325344802494,0.0488650689604988,0.951134931039501
"17","ADAPTATION","HadGEM2_CCLM","w8","rcp45",62.0066701531121,228.406909177925,20,27.1474581816656,-348.992656991898,0.0697985313983795,0.93020146860162
"18","ADAPTATION","HadGEM2_CCLM","w8","rcp85",69.2543710168795,229.305236054457,17,30.2018271403242,-252.526899736141,0.0505053799472281,0.949494620052772
"19","ADAPTATION","HadGEM2_CCLM","w9","rcp45",63.6719639243915,220.649527875186,17,28.8566055579365,-327.791000017051,0.0655582000034103,0.93444179999659
"20","ADAPTATION","HadGEM2_CCLM","w9","rcp85",67.7130945277768,221.167111995052,15,30.61625841065,-235.976527623765,0.0471953055247529,0.952804694475247
"21","ADAPTATION","MPI_CCLM","w5","rcp45",76.1047918035877,255.715618724727,26,29.7614952825831,-363.635158600399,0.0727270317200798,0.92727296827992
"22","ADAPTATION","MPI_CCLM","w5","rcp85",69.6943087940072,250.10898876254,25,27.8655753792907,-351.770063378922,0.0703540126757845,0.929645987324216
"23","ADAPTATION","MPI_CCLM","w6","rcp45",71.4067520273437,251.679711586808,26,28.3720732104838,-328.139212517147,0.0656278425034295,0.934372157496571
"24","ADAPTATION","MPI_CCLM","w6","rcp85",68.5808043076815,243.365928775783,24,28.1801173453767,-342.973305966081,0.0685946611932161,0.931405338806784
"25","ADAPTATION","MPI_CCLM","w7","rcp45",71.8032987959315,256.298770039251,26,28.0154675673766,-367.232669570169,0.0734465339140339,0.926553466085966
"26","ADAPTATION","MPI_CCLM","w7","rcp85",65.3432119140944,249.29614723395,24,26.2110797295129,-344.278417968842,0.0688556835937685,0.931144316406232
"27","ADAPTATION","MPI_CCLM","w8","rcp45",75.058990883811,255.691909213717,26,29.3552467556077,-387.199027198315,0.077439805439663,0.922560194560337
"28","ADAPTATION","MPI_CCLM","w8","rcp85",69.7034274684303,247.936038168428,25,28.1134715160203,-368.797553396275,0.073759510679255,0.926240489320745
"29","ADAPTATION","MPI_CCLM","w9","rcp45",73.7980169921128,250.294105417602,25,29.4845205679075,-326.669100683037,0.0653338201366075,0.934666179863393
"30","ADAPTATION","MPI_CCLM","w9","rcp85",69.7807156998618,239.48687508552,24,29.1375949829999,-334.94441712896,0.0669888834257921,0.933011116574208
"31","ADAPTATION","NCC_HIRHAM5","w5","rcp45",76.9535955498132,292.097358253843,50,26.3451871012602,-1047.65030643726,0.209530061287452,0.790469938712548
"32","ADAPTATION","NCC_HIRHAM5","w5","rcp85",71.6896839840447,272.829965642063,23,26.2763233559533,-407.123700090267,0.0814247400180534,0.918575259981947
"33","ADAPTATION","NCC_HIRHAM5","w6","rcp45",74.3605628406074,287.634479724368,50,25.8524509689746,-990.264050041311,0.198052810008262,0.801947189991738
"34","ADAPTATION","NCC_HIRHAM5","w6","rcp85",67.9064043608824,267.089851972093,21,25.4245542687177,-369.997536808453,0.0739995073616905,0.92600049263831
"35","ADAPTATION","NCC_HIRHAM5","w7","rcp45",73.0749376339351,293.514704400656,50,24.8965167803606,-1068.85225556299,0.213770451112598,0.786229548887402
"36","ADAPTATION","NCC_HIRHAM5","w7","rcp85",66.0670563688584,271.257187341825,21,24.3558731166831,-367.3325785051,0.07346651570102,0.92653348429898
"37","ADAPTATION","NCC_HIRHAM5","w8","rcp45",75.2166856911886,288.57678496272,50,26.0647043042307,-1021.4534471451,0.204290689429019,0.795709310570981
"38","ADAPTATION","NCC_HIRHAM5","w8","rcp85",68.2852735488478,269.49149192645,23,25.3385637745789,-389.295446465284,0.0778590892930568,0.922140910706943
"39","ADAPTATION","NCC_HIRHAM5","w9","rcp45",75.4854753158442,280.569355159037,50,26.904390635626,-1000.67155254875,0.200134310509749,0.799865689490251
"40","ADAPTATION","NCC_HIRHAM5","w9","rcp85",67.3380341799397,263.526084435785,20,25.5527016705431,-350.847044772935,0.070169408954587,0.929830591045413
"41","ADAPTATION","refclim","w5","-",79.1901469082499,277.017192846634,30,28.5867263668693,-356.799639745105,0.071359927949021,0.928640072050979
"42","ADAPTATION","refclim","w6","-",76.8948158461353,272.440372377178,23,28.2244570344658,-314.904001205438,0.0629808002410877,0.937019199758912
"43","ADAPTATION","refclim","w7","-",77.057254301732,276.421748199775,29,27.8766974029993,-341.532456649012,0.0683064913298024,0.931693508670198
"44","ADAPTATION","refclim","w8","-",76.7104064896119,273.4376712246,29,28.0540739489412,-340.718995677916,0.0681437991355832,0.931856200864417
"45","ADAPTATION","refclim","w9","-",80.786701154812,266.936832636688,23,30.264351441064,-337.385761421035,0.0674771522842071,0.932522847715793
"46","BAU","EC-EARTH_RACMO22E-r1","w5","rcp45",91.6591894420534,292.21841962608,26,31.3666707113602,-508.29932313933,0.101659864627866,0.898340135372134
"47","BAU","EC-EARTH_RACMO22E-r1","w5","rcp85",98.2079387099054,323.250630865731,27,30.3813602611956,-597.654549998045,0.119530909999609,0.880469090000391
"48","BAU","EC-EARTH_RACMO22E-r1","w6","rcp45",90.2880533785126,286.495611656139,25,31.5146374691697,-526.441960746999,0.1052883921494,0.8947116078506
"49","BAU","EC-EARTH_RACMO22E-r1","w6","rcp85",96.4045953211065,316.470908615496,26,30.4623877571747,-572.089564662653,0.114417912932531,0.885582087067469
"50","BAU","EC-EARTH_RACMO22E-r1","w7","rcp45",90.7335910153223,291.341822550447,25,31.1433457170782,-533.639979721247,0.106727995944249,0.893272004055751
"51","BAU","EC-EARTH_RACMO22E-r1","w7","rcp85",98.7546739367194,323.299827704218,26,30.5458479944099,-576.873504381955,0.115374700876391,0.884625299123609
"52","BAU","EC-EARTH_RACMO22E-r1","w8","rcp45",90.8525603212178,293.69977827798,32,30.933819853016,-600.690301110147,0.120138060222029,0.879861939777971
"53","BAU","EC-EARTH_RACMO22E-r1","w8","rcp85",97.0272561320612,320.839923574028,27,30.2416404577138,-585.749106533866,0.117149821306773,0.882850178693227
"54","BAU","EC-EARTH_RACMO22E-r1","w9","rcp45",94.1899531789786,278.417215521201,23,33.8305061354247,-525.341737781888,0.105068347556378,0.894931652443622
"55","BAU","EC-EARTH_RACMO22E-r1","w9","rcp85",102.271949061516,306.177371228352,25,33.4028437997268,-544.482669991843,0.108896533998369,0.891103466001631
"56","BAU","HadGEM2_CCLM","w5","rcp45",77.9596846785943,242.601409537598,46,32.1348852948491,-766.756081808804,0.153351216361761,0.846648783638239
"57","BAU","HadGEM2_CCLM","w5","rcp85",82.203705345447,235.644224917398,31,34.8846679243942,-603.824048358233,0.120764809671647,0.879235190328353
"58","BAU","HadGEM2_CCLM","w6","rcp45",74.7859325743344,233.742667543114,44,31.994985494268,-698.560014492427,0.139712002898485,0.860287997101515
"59","BAU","HadGEM2_CCLM","w6","rcp85",81.2181621490822,220.13279521098,30,36.8950760250153,-513.369478785388,0.102673895757078,0.897326104242922
"60","BAU","HadGEM2_CCLM","w7","rcp45",73.6902274645736,240.826784371089,46,30.5988503965674,-709.681370709113,0.141936274141823,0.858063725858177
"61","BAU","HadGEM2_CCLM","w7","rcp85",82.1711120442992,233.380485160996,30,35.2090758520851,-595.297413270788,0.119059482654158,0.880940517345842
"62","BAU","HadGEM2_CCLM","w8","rcp45",77.0428827213989,244.357527431961,46,31.528753597677,-822.936925651457,0.164587385130291,0.835412614869709
"63","BAU","HadGEM2_CCLM","w8","rcp85",83.3240954419735,232.286700687768,31,35.8712294742931,-590.140904039807,0.118028180807961,0.881971819192039
"64","BAU","HadGEM2_CCLM","w9","rcp45",79.924648810554,226.952489901958,46,35.2164670434244,-665.753644953984,0.133150728990797,0.866849271009203
"65","BAU","HadGEM2_CCLM","w9","rcp85",79.734936819636,224.276640920274,30,35.5520470132154,-513.265919678067,0.102653183935613,0.897346816064387
"66","BAU","MPI_CCLM","w5","rcp45",91.7630948634847,276.807829255428,33,33.1504694467327,-564.483818367443,0.112896763673489,0.887103236326511
"67","BAU","MPI_CCLM","w5","rcp85",87.885454082157,267.715662669325,26,32.8279089859269,-548.404563474204,0.109680912694841,0.890319087305159
"68","BAU","MPI_CCLM","w6","rcp45",89.5329076853687,266.110829828438,26,33.6449695576428,-511.215993112129,0.102243198622426,0.897756801377574
"69","BAU","MPI_CCLM","w6","rcp85",86.1928751921002,260.021268122086,25,33.1483942888974,-575.488172940866,0.115097634588173,0.884902365411827
"70","BAU","MPI_CCLM","w7","rcp45",88.8679556684219,274.23169636636,28,32.4061575835124,-534.682730629028,0.106936546125806,0.893063453874194
"71","BAU","MPI_CCLM","w7","rcp85",85.1465246096299,268.602798880792,25,31.699790532495,-564.741810931955,0.112948362186391,0.887051637813609
"72","BAU","MPI_CCLM","w8","rcp45",91.5450138163896,274.643145678215,33,33.33234972616,-584.055722731052,0.11681114454621,0.88318885545379
"73","BAU","MPI_CCLM","w8","rcp85",85.9575568217427,269.049038842597,27,31.9486578326083,-576.23923669714,0.115247847339428,0.884752152660572
"74","BAU","MPI_CCLM","w9","rcp45",93.2586109825612,263.90761101819,26,35.3375981172947,-507.13322270342,0.101426644540684,0.898573355459316
"75","BAU","MPI_CCLM","w9","rcp85",90.4778534865943,254.5490998532,25,35.5443619870483,-550.555579075157,0.110111115815031,0.889888884184969
"76","BAU","NCC_HIRHAM5","w5","rcp45",92.9306017454725,306.137982231973,50,30.3557895913272,-1065.35709184756,0.213071418369513,0.786928581630487
"77","BAU","NCC_HIRHAM5","w5","rcp85",87.7377605929342,285.430212096969,27,30.738778473502,-612.114250165717,0.122422850033143,0.877577149966857
"78","BAU","NCC_HIRHAM5","w6","rcp45",91.6768399248836,291.697756566406,50,31.4287092928029,-945.451497979648,0.18909029959593,0.81090970040407
"79","BAU","NCC_HIRHAM5","w6","rcp85",83.8474211248294,268.273537392044,23,31.2544509383712,-531.314650803797,0.106262930160759,0.893737069839241
"80","BAU","NCC_HIRHAM5","w7","rcp45",90.0246960535037,302.752314804647,50,29.7354278237617,-1025.65062186414,0.205130124372827,0.794869875627173
"81","BAU","NCC_HIRHAM5","w7","rcp85",85.7714360909757,282.919864210982,26,30.3165125326843,-572.956403115529,0.114591280623106,0.885408719376894
"82","BAU","NCC_HIRHAM5","w8","rcp45",93.0253828716844,304.727620017317,50,30.5273879887875,-1016.66640910373,0.203333281820746,0.796666718179253
"83","BAU","NCC_HIRHAM5","w8","rcp85",86.1113868950058,285.704841125913,27,30.1399817222753,-601.889691940685,0.120377938388137,0.879622061611863
"84","BAU","NCC_HIRHAM5","w9","rcp45",93.533456034734,292.003019091771,50,32.0316743044832,-1036.19723660724,0.207239447321448,0.792760552678552
"85","BAU","NCC_HIRHAM5","w9","rcp85",88.7053034629231,269.24243768227,24,32.9462562538537,-557.647777576852,0.11152955551537,0.88847044448463
"86","BAU","refclim","w5","-",91.480242036931,293.776131580134,26,31.1394399350574,-371.446922534065,0.074289384506813,0.925710615493187
"87","BAU","refclim","w6","-",92.1725600002258,279.840067112078,23,32.9375850111235,-372.056050139538,0.0744112100279076,0.925588789972092
"88","BAU","refclim","w7","-",92.3255135161078,289.657504767656,24,31.8740277729608,-393.626222429397,0.0787252444858794,0.921274755514121
"89","BAU","refclim","w8","-",90.8158244058997,292.330936095675,28,31.0661011861493,-396.874615585415,0.0793749231170831,0.920625076882917
"90","BAU","refclim","w9","-",96.2078295232753,278.674142322007,23,34.5234145951394,-397.714608916815,0.079542921783363,0.920457078216637
"91","BIOECONOMY","EC-EARTH_RACMO22E-r1","w5","rcp45",67.1491573262062,284.041900982102,23,23.6405815811088,-408.045174675706,0.0816090349351412,0.918390965064859
"92","BIOECONOMY","EC-EARTH_RACMO22E-r1","w5","rcp85",74.2941085294441,314.945101198344,25,23.5895425097137,-445.225081516038,0.0890450163032076,0.910954983696792
"93","BIOECONOMY","EC-EARTH_RACMO22E-r1","w6","rcp45",64.4637794718845,282.130656736396,23,22.8489098694848,-436.284969572736,0.0872569939145471,0.912743006085453
"94","BIOECONOMY","EC-EARTH_RACMO22E-r1","w6","rcp85",75.476680236022,310.334719473749,25,24.3210557826117,-440.621367647095,0.088124273529419,0.911875726470581
"95","BIOECONOMY","EC-EARTH_RACMO22E-r1","w7","rcp45",64.9255693423207,283.814148270991,23,22.8760862479374,-377.70088710513,0.075540177421026,0.924459822578974
"96","BIOECONOMY","EC-EARTH_RACMO22E-r1","w7","rcp85",75.511542575405,314.770261070531,25,23.9894144760026,-440.613371593467,0.0881226743186933,0.911877325681307
"97","BIOECONOMY","EC-EARTH_RACMO22E-r1","w8","rcp45",64.5285875041056,279.41282691519,23,23.0943540482814,-383.264940805537,0.0766529881611074,0.923347011838893
"98","BIOECONOMY","EC-EARTH_RACMO22E-r1","w8","rcp85",74.2077741051455,310.727752634244,25,23.8819266950047,-482.817092224956,0.0965634184449912,0.903436581555009
"99","BIOECONOMY","EC-EARTH_RACMO22E-r1","w9","rcp45",66.737154438532,279.852298337713,22,23.8472775942675,-379.555874080351,0.0759111748160701,0.92408882518393
"100","BIOECONOMY","EC-EARTH_RACMO22E-r1","w9","rcp85",78.9290710083327,310.775361498479,25,25.3974673628427,-462.683769553754,0.0925367539107508,0.907463246089249
"101","BIOECONOMY","HadGEM2_CCLM","w5","rcp45",56.4898302083275,230.94161736483,49,24.4606541050969,-614.228559640015,0.122845711928003,0.877154288071997
"102","BIOECONOMY","HadGEM2_CCLM","w5","rcp85",64.9514950930743,224.947127718174,16,28.8741162209677,-278.23322233104,0.0556466444662081,0.944353355533792
"103","BIOECONOMY","HadGEM2_CCLM","w6","rcp45",56.6059100263037,225.565175344825,20,25.0951459771081,-381.88380626795,0.0763767612535899,0.92362323874641
"104","BIOECONOMY","HadGEM2_CCLM","w6","rcp85",62.632432208406,215.238062170961,15,29.0991433284034,-254.591904523636,0.0509183809047272,0.949081619095273
"105","BIOECONOMY","HadGEM2_CCLM","w7","rcp45",55.0394561331611,229.587578380463,20,23.9731855361757,-394.863296406404,0.0789726592812809,0.921027340718719
"106","BIOECONOMY","HadGEM2_CCLM","w7","rcp85",63.3946555553804,225.864899836469,17,28.067510977261,-297.002064968765,0.059400412993753,0.940599587006247
"107","BIOECONOMY","HadGEM2_CCLM","w8","rcp45",55.6455706643806,228.951888992782,46,24.3044820067568,-595.883652305468,0.119176730461094,0.880823269538906
"108","BIOECONOMY","HadGEM2_CCLM","w8","rcp85",60.4108816598528,227.160543256495,17,26.5939149439525,-266.417063959991,0.0532834127919983,0.946716587208002
"109","BIOECONOMY","HadGEM2_CCLM","w9","rcp45",55.0932335900193,226.947948680507,20,24.2757134005113,-391.632221670088,0.0783264443340176,0.921673555665982
"110","BIOECONOMY","HadGEM2_CCLM","w9","rcp85",65.6649082623164,221.035062656215,16,29.7079148770382,-277.663314636614,0.0555326629273228,0.944467337072677
"111","BIOECONOMY","MPI_CCLM","w5","rcp45",69.2885723115943,260.588145234156,26,26.5893033043901,-380.141186680304,0.0760282373360608,0.923971762663939
"112","BIOECONOMY","MPI_CCLM","w5","rcp85",64.9569817277818,253.673850550373,25,25.6064949488686,-382.942331948034,0.0765884663896069,0.923411533610393
"113","BIOECONOMY","MPI_CCLM","w6","rcp45",68.3740843148767,258.049883500732,26,26.4964600593136,-375.922984766862,0.0751845969533724,0.924815403046628
"114","BIOECONOMY","MPI_CCLM","w6","rcp85",62.5859767665691,249.424305442686,24,25.0921724149896,-365.193977536749,0.0730387955073498,0.92696120449265
"115","BIOECONOMY","MPI_CCLM","w7","rcp45",66.1983944090138,259.89409198684,26,25.4712963665083,-376.106459549698,0.0752212919099396,0.92477870809006
"116","BIOECONOMY","MPI_CCLM","w7","rcp85",62.9975905279002,255.782050346594,25,24.6294024316938,-379.580010066913,0.0759160020133825,0.924083997986617
"117","BIOECONOMY","MPI_CCLM","w8","rcp45",66.7714237673987,259.296587084341,26,25.7509844299185,-377.114908743161,0.0754229817486322,0.924577018251368
"118","BIOECONOMY","MPI_CCLM","w8","rcp85",63.0279708493275,253.321298159066,25,24.8806441887689,-393.298795278835,0.0786597590557669,0.921340240944233
"119","BIOECONOMY","MPI_CCLM","w9","rcp45",69.5654732607512,254.521395531285,26,27.3318764088736,-378.723388216327,0.0757446776432653,0.924255322356735
"120","BIOECONOMY","MPI_CCLM","w9","rcp85",66.2474495519755,248.186240244295,24,26.6926359361287,-390.107632902348,0.0780215265804696,0.92197847341953
"121","BIOECONOMY","NCC_HIRHAM5","w5","rcp45",68.59521793755,297.278262348948,50,23.074414319952,-1012.89775808017,0.202579551616034,0.797420448383966
"122","BIOECONOMY","NCC_HIRHAM5","w5","rcp85",61.2632568830582,273.534600616187,23,22.3968948517122,-450.023338623368,0.0900046677246737,0.909995332275326
"123","BIOECONOMY","NCC_HIRHAM5","w6","rcp45",67.7074404691514,293.103741898992,50,23.1001624307084,-934.178868348924,0.186835773669785,0.813164226330215
"124","BIOECONOMY","NCC_HIRHAM5","w6","rcp85",61.1185001829497,270.304338224893,23,22.6109949194005,-440.685726090053,0.0881371452180107,0.911862854781989
"125","BIOECONOMY","NCC_HIRHAM5","w7","rcp45",69.0243478984144,297.618715414727,50,23.1922067811596,-1007.06175859531,0.201412351719061,0.798587648280939
"126","BIOECONOMY","NCC_HIRHAM5","w7","rcp85",61.9616393590168,273.536627367966,23,22.6520447938641,-444.317848957313,0.0888635697914626,0.911136430208537
"127","BIOECONOMY","NCC_HIRHAM5","w8","rcp45",68.4333424942927,294.777432705792,50,23.2152583276597,-947.08936583102,0.189417873166204,0.810582126833796
"128","BIOECONOMY","NCC_HIRHAM5","w8","rcp85",61.2780290748171,271.220583069746,24,22.5934287070901,-469.578837317875,0.093915767463575,0.906084232536425
"129","BIOECONOMY","NCC_HIRHAM5","w9","rcp45",68.7469505736491,292.887439688519,50,23.472140234747,-984.840928765486,0.196968185753097,0.803031814246903
"130","BIOECONOMY","NCC_HIRHAM5","w9","rcp85",64.8333307651171,268.097306885284,23,24.1827609230176,-446.573782968462,0.0893147565936924,0.910685243406308
"131","BIOECONOMY","refclim","w5","-",69.8696697723997,281.025220883254,23,24.8624196621219,-260.768020455196,0.0521536040910392,0.947846395908961
"132","BIOECONOMY","refclim","w6","-",70.2750442267359,278.015797830323,23,25.2773564578606,-271.615743021987,0.0543231486043975,0.945676851395603
"133","BIOECONOMY","refclim","w7","-",71.5069732281445,280.341394651519,23,25.5071047631164,-287.122873887495,0.057424574777499,0.942575425222501
"134","BIOECONOMY","refclim","w8","-",69.4438172830354,275.976332871466,23,25.1629610990513,-273.877147161271,0.0547754294322542,0.945224570567746
"135","BIOECONOMY","refclim","w9","-",74.5637214011494,277.638928410181,23,26.8563640654129,-303.314529927612,0.0606629059855223,0.939337094014478
"136","CONSERVATION","EC-EARTH_RACMO22E-r1","w5","rcp45",120.262456176561,346.370295974983,34,34.7207764563182,-746.693899563994,0.149338779912799,0.850661220087201
"137","CONSERVATION","EC-EARTH_RACMO22E-r1","w5","rcp85",127.43225591671,374.333920440029,31,34.0424014385108,-704.796916679135,0.140959383335827,0.859040616664173
"138","CONSERVATION","EC-EARTH_RACMO22E-r1","w6","rcp45",113.841613623834,327.192091016553,32,34.7935102190701,-652.681917182901,0.13053638343658,0.86946361656342
"139","CONSERVATION","EC-EARTH_RACMO22E-r1","w6","rcp85",121.50361757609,350.32466427836,26,34.683146796523,-603.977697842276,0.120795539568455,0.879204460431545
"140","CONSERVATION","EC-EARTH_RACMO22E-r1","w7","rcp45",111.577728620686,328.47385436203,32,33.9685266084252,-655.014582950849,0.13100291659017,0.86899708340983
"141","CONSERVATION","EC-EARTH_RACMO22E-r1","w7","rcp85",125.849346739904,367.911113549577,28,34.2064542507889,-714.211530153967,0.142842306030793,0.857157693969207
"142","CONSERVATION","EC-EARTH_RACMO22E-r1","w8","rcp45",109.119985213943,332.551078895475,33,32.8129999085768,-649.848563983988,0.129969712796798,0.870030287203203
"143","CONSERVATION","EC-EARTH_RACMO22E-r1","w8","rcp85",118.240482749116,361.998312007555,28,32.6632690891245,-646.420914036709,0.129284182807342,0.870715817192658
"144","CONSERVATION","EC-EARTH_RACMO22E-r1","w9","rcp45",113.468972803728,306.441437304398,23,37.0279469388521,-555.276831363366,0.111055366272673,0.888944633727327
"145","CONSERVATION","EC-EARTH_RACMO22E-r1","w9","rcp85",127.81258857866,339.82765316701,25,37.6110029267823,-594.822882403817,0.118964576480763,0.881035423519236
"146","CONSERVATION","HadGEM2_CCLM","w5","rcp45",94.5808966030126,275.886101181255,49,34.2825884298077,-908.114065220936,0.181622813044187,0.818377186955813
"147","CONSERVATION","HadGEM2_CCLM","w5","rcp85",97.2722403201361,249.592673090632,31,38.9723941474895,-540.9132477726,0.10818264955452,0.89181735044548
"148","CONSERVATION","HadGEM2_CCLM","w6","rcp45",89.8774797852924,247.297188351638,32,36.3439149407123,-538.569179484451,0.10771383589689,0.89228616410311
"149","CONSERVATION","HadGEM2_CCLM","w6","rcp85",89.3349848660918,230.073612381671,17,38.8288704390373,-334.087829167213,0.0668175658334427,0.933182434166557
"150","CONSERVATION","HadGEM2_CCLM","w7","rcp45",94.0107943594102,269.277570993231,50,34.9122260768512,-877.846730291328,0.175569346058266,0.824430653941734
"151","CONSERVATION","HadGEM2_CCLM","w7","rcp85",94.6054515902615,242.041825554881,29,39.0864063983068,-481.797951533016,0.0963595903066033,0.903640409693397
"152","CONSERVATION","HadGEM2_CCLM","w8","rcp45",88.4500263604566,272.245631651968,46,32.4890525602735,-821.054657216587,0.164210931443317,0.835789068556683
"153","CONSERVATION","HadGEM2_CCLM","w8","rcp85",91.3419043076408,249.31285617092,30,36.6374625482691,-523.59265182683,0.104718530365366,0.895281469634634
"154","CONSERVATION","HadGEM2_CCLM","w9","rcp45",92.4350491919213,248.887628749046,47,37.1392703030345,-647.790639728232,0.129558127945646,0.870441872054354
"155","CONSERVATION","HadGEM2_CCLM","w9","rcp85",94.2623356148293,233.762745415275,17,40.3239341869356,-358.270085041474,0.0716540170082947,0.928345982991705
"156","CONSERVATION","MPI_CCLM","w5","rcp45",111.00342360372,305.28266537699,35,36.3608668925383,-628.577154506267,0.125715430901253,0.874284569098747
"157","CONSERVATION","MPI_CCLM","w5","rcp85",105.354592174224,302.376415517858,30,34.8421989174621,-624.04923276426,0.124809846552852,0.875190153447148
"158","CONSERVATION","MPI_CCLM","w6","rcp45",102.931360276825,283.83915290498,26,36.2639752914154,-529.908890543869,0.105981778108774,0.894018221891226
"159","CONSERVATION","MPI_CCLM","w6","rcp85",104.204392182038,278.443690061345,25,37.4238655431842,-566.399697128335,0.113279939425667,0.886720060574333
"160","CONSERVATION","MPI_CCLM","w7","rcp45",107.632816648492,295.625887096344,28,36.4084545185363,-584.437035146842,0.116887407029368,0.883112592970632
"161","CONSERVATION","MPI_CCLM","w7","rcp85",105.242515653719,295.749564149089,26,35.5850112430481,-616.737515840184,0.123347503168037,0.876652496831963
"162","CONSERVATION","MPI_CCLM","w8","rcp45",102.398112099375,298.697614666729,33,34.2815299056288,-578.835499104401,0.11576709982088,0.88423290017912
"163","CONSERVATION","MPI_CCLM","w8","rcp85",96.5858321119531,295.627494308772,26,32.6714645868062,-555.649891217744,0.111129978243549,0.888870021756451
"164","CONSERVATION","MPI_CCLM","w9","rcp45",103.705346487463,284.239498981957,26,36.4851988759122,-507.77897080264,0.101555794160528,0.898444205839472
"165","CONSERVATION","MPI_CCLM","w9","rcp85",104.291982507571,274.266034314953,25,38.0258469730187,-534.175654213345,0.106835130842669,0.893164869157331
"166","CONSERVATION","NCC_HIRHAM5","w5","rcp45",115.34957552084,349.039668871666,50,33.0476979575783,-1261.90558831346,0.252381117662693,0.747618882337307
"167","CONSERVATION","NCC_HIRHAM5","w5","rcp85",112.042517500555,328.368156204795,29,34.1210057624093,-675.056898402959,0.135011379680592,0.864988620319408
"168","CONSERVATION","NCC_HIRHAM5","w6","rcp45",107.475842314291,322.925828934949,50,33.2818971677675,-1048.40028188653,0.209680056377306,0.790319943622694
"169","CONSERVATION","NCC_HIRHAM5","w6","rcp85",103.272372289527,302.914907662896,24,34.0928655794174,-547.652099060422,0.109530419812084,0.890469580187916
"170","CONSERVATION","NCC_HIRHAM5","w7","rcp45",114.646292343998,340.305197823235,50,33.6892569015501,-1237.39085735142,0.247478171470285,0.752521828529715
"171","CONSERVATION","NCC_HIRHAM5","w7","rcp85",106.143090218629,317.577803222823,27,33.4227043393696,-602.058162696448,0.12041163253929,0.87958836746071
"172","CONSERVATION","NCC_HIRHAM5","w8","rcp45",109.39658599592,346.28612554311,50,31.5913858299533,-1227.66308462081,0.245532616924162,0.754467383075838
"173","CONSERVATION","NCC_HIRHAM5","w8","rcp85",102.491017997691,325.64161595802,28,31.4735626452929,-641.332262957937,0.128266452591587,0.871733547408413
"174","CONSERVATION","NCC_HIRHAM5","w9","rcp45",111.221171067778,316.93418214735,50,35.092829152795,-1063.59289679414,0.212718579358828,0.787281420641172
"175","CONSERVATION","NCC_HIRHAM5","w9","rcp85",105.724806425314,298.018495859961,23,35.4759210901439,-534.535102572902,0.10690702051458,0.89309297948542
"176","CONSERVATION","refclim","w5","-",124.763136470749,354.774848119432,35,35.1668493784398,-701.585545929044,0.140317109185809,0.859682890814191
"177","CONSERVATION","refclim","w6","-",120.11056989052,328.950948118252,30,36.5132158996976,-574.018533661341,0.114803706732268,0.885196293267732
"178","CONSERVATION","refclim","w7","-",122.20132168497,342.564823723634,34,35.672466412826,-643.128938412091,0.128625787682418,0.871374212317582
"179","CONSERVATION","refclim","w8","-",116.802608879509,340.418524065939,34,34.3114726791084,-640.057395252953,0.128011479050591,0.871988520949409
"180","CONSERVATION","refclim","w9","-",125.276121952489,320.648116385007,29,39.0696578432628,-606.299184517801,0.12125983690356,0.87874016309644
"181","UNMANAGED","EC-EARTH_RACMO22E-r1","w5","rcp45",138.70952226329,433.655635779444,35,31.9860992960408,-789.665594313665,0.157933118862733,0.842066881137267
"182","UNMANAGED","EC-EARTH_RACMO22E-r1","w5","rcp85",145.399527915849,473.441729082104,31,30.711177106789,-695.23764613767,0.139047529227534,0.860952470772466
"183","UNMANAGED","EC-EARTH_RACMO22E-r1","w6","rcp45",139.263521008049,412.92051877957,32,33.7264714816442,-687.427017347334,0.137485403469467,0.862514596530533
"184","UNMANAGED","EC-EARTH_RACMO22E-r1","w6","rcp85",147.800382113144,433.691905609,26,34.0795805044134,-634.222442649874,0.126844488529975,0.873155511470025
"185","UNMANAGED","EC-EARTH_RACMO22E-r1","w7","rcp45",137.09290087191,415.050812586998,32,33.0303897051579,-670.750746903473,0.134150149380695,0.865849850619306
"186","UNMANAGED","EC-EARTH_RACMO22E-r1","w7","rcp85",154.354904464252,458.442937908141,28,33.6693820977084,-711.325595839355,0.142265119167871,0.857734880832129
"187","UNMANAGED","EC-EARTH_RACMO22E-r1","w8","rcp45",123.135473962297,414.65227580022,33,29.6960805833424,-669.472349911986,0.133894469982397,0.866105530017603
"188","UNMANAGED","EC-EARTH_RACMO22E-r1","w8","rcp85",133.234068391558,462.756030057362,28,28.7914278232188,-661.674238813667,0.132334847762733,0.867665152237267
"189","UNMANAGED","EC-EARTH_RACMO22E-r1","w9","rcp45",139.376170476536,373.64652858521,23,37.3016098943232,-597.685453963771,0.119537090792754,0.880462909207246
"190","UNMANAGED","EC-EARTH_RACMO22E-r1","w9","rcp85",152.749852750095,411.466165836563,25,37.1233081678866,-601.724925682241,0.120344985136448,0.879655014863552
"191","UNMANAGED","HadGEM2_CCLM","w5","rcp45",111.752974583296,338.309337875825,49,33.0327786058079,-931.098540050421,0.186219708010084,0.813780291989916
"192","UNMANAGED","HadGEM2_CCLM","w5","rcp85",114.254248974018,279.686969427393,30,40.850758692095,-530.825133397004,0.106165026679401,0.893834973320599
"193","UNMANAGED","HadGEM2_CCLM","w6","rcp45",107.472818878201,299.681230135391,42,35.862379111847,-611.472756438877,0.122294551287775,0.877705448712225
"194","UNMANAGED","HadGEM2_CCLM","w6","rcp85",104.048337229901,249.859277911719,16,41.6427751250699,-321.498986997777,0.0642997973995554,0.935700202600445
"195","UNMANAGED","HadGEM2_CCLM","w7","rcp45",112.291761533352,327.130163712411,50,34.3263245000148,-889.115284573165,0.177823056914633,0.822176943085367
"196","UNMANAGED","HadGEM2_CCLM","w7","rcp85",108.799116340423,269.357078468662,17,40.3921504342724,-388.724022364161,0.0777448044728321,0.922255195527168
"197","UNMANAGED","HadGEM2_CCLM","w8","rcp45",106.963981010162,337.964469762105,46,31.6494751905296,-915.993971441511,0.183198794288302,0.816801205711698
"198","UNMANAGED","HadGEM2_CCLM","w8","rcp85",103.885848686065,293.216499310759,30,35.4297418222582,-527.726289291117,0.105545257858223,0.894454742141777
"199","UNMANAGED","HadGEM2_CCLM","w9","rcp45",112.173867758129,297.103041746274,46,37.7558799461653,-653.068911702551,0.13061378234051,0.86938621765949
"200","UNMANAGED","HadGEM2_CCLM","w9","rcp85",106.808336897771,261.017089466736,16,40.9200551258858,-347.788059988934,0.0695576119977868,0.930442388002213
"201","UNMANAGED","MPI_CCLM","w5","rcp45",126.842212998495,371.447821492595,33,34.1480567819198,-616.195266977479,0.123239053395496,0.876760946604504
"202","UNMANAGED","MPI_CCLM","w5","rcp85",128.046146078784,369.825137637001,30,34.6234295745646,-673.206569642644,0.134641313928529,0.865358686071471
"203","UNMANAGED","MPI_CCLM","w6","rcp45",124.357542198142,343.117576576893,26,36.243419366269,-537.425337001344,0.107485067400269,0.892514932599731
"204","UNMANAGED","MPI_CCLM","w6","rcp85",119.452693589926,328.016228699045,25,36.4167023271045,-508.911602426395,0.101782320485279,0.898217679514721
"205","UNMANAGED","MPI_CCLM","w7","rcp45",125.101888841477,359.982710171177,27,34.7521937323015,-586.102596347264,0.117220519269453,0.882779480730547
"206","UNMANAGED","MPI_CCLM","w7","rcp85",129.561284823631,353.35883012082,25,36.6656423385066,-641.283233557859,0.128256646711572,0.871743353288428
"207","UNMANAGED","MPI_CCLM","w8","rcp45",111.67829324594,358.892797007381,27,31.1174518344104,-501.625849427437,0.100325169885487,0.899674830114513
"208","UNMANAGED","MPI_CCLM","w8","rcp85",113.115935918169,362.456485631598,27,31.2081423294327,-585.445961601891,0.117089192320378,0.882910807679622
"209","UNMANAGED","MPI_CCLM","w9","rcp45",125.630874668524,335.38619900875,25,37.4585701617514,-498.215114382793,0.0996430228765586,0.900356977123441
"210","UNMANAGED","MPI_CCLM","w9","rcp85",128.889263023448,329.565173576776,25,39.1088844809088,-551.850388191266,0.110370077638253,0.889629922361747
"211","UNMANAGED","NCC_HIRHAM5","w5","rcp45",139.576525202074,438.705297214743,50,31.8155550179628,-1275.264023097,0.2550528046194,0.7449471953806
"212","UNMANAGED","NCC_HIRHAM5","w5","rcp85",136.942597557418,416.039811732732,32,32.9157435647988,-775.954987091121,0.155190997418224,0.844809002581776
"213","UNMANAGED","NCC_HIRHAM5","w6","rcp45",132.556983196024,401.590666598733,50,33.0079840546879,-992.939017035766,0.198587803407153,0.801412196592847
"214","UNMANAGED","NCC_HIRHAM5","w6","rcp85",125.782598394049,375.509151612199,25,33.4965467163764,-583.291683755621,0.116658336751124,0.883341663248876
"215","UNMANAGED","NCC_HIRHAM5","w7","rcp45",139.776563132951,425.725726381678,50,32.832538526844,-1207.64405857292,0.241528811714584,0.758471188285416
"216","UNMANAGED","NCC_HIRHAM5","w7","rcp85",131.126872441963,392.472049828981,27,33.4104995499938,-649.669340326482,0.129933868065296,0.870066131934704
"217","UNMANAGED","NCC_HIRHAM5","w8","rcp45",120.760738402603,427.242298645382,50,28.2651644711885,-1086.13442272399,0.217226884544797,0.782773115455203
"218","UNMANAGED","NCC_HIRHAM5","w8","rcp85",122.389782134555,411.199029500221,29,29.7641223237589,-710.725111678672,0.142145022335734,0.857854977664266
"219","UNMANAGED","NCC_HIRHAM5","w9","rcp45",133.251220187548,391.245895053693,50,34.0581771903986,-986.57931973256,0.197315863946512,0.802684136053488
"220","UNMANAGED","NCC_HIRHAM5","w9","rcp85",128.149414135475,354.78232696834,23,36.1205743337126,-539.625685051096,0.107925137010219,0.892074862989781
"221","UNMANAGED","refclim","w5","-",147.581491935819,457.133846781201,38,32.2840876856917,-739.559027038285,0.147911805407657,0.852088194592343
"222","UNMANAGED","refclim","w6","-",149.763056800691,424.214476037051,32,35.3036176888058,-641.520418726859,0.128304083745372,0.871695916254628
"223","UNMANAGED","refclim","w7","-",149.310736705378,446.524688196034,35,33.4384056811272,-659.805731678818,0.131961146335764,0.868038853664236
"224","UNMANAGED","refclim","w8","-",128.642715961546,432.78854763771,33,29.7241497409571,-594.443947017913,0.118888789403583,0.881111210596417
"225","UNMANAGED","refclim","w9","-",155.343874185156,422.443866689818,34,36.77266648523,-675.541713738798,0.13510834274776,0.86489165725224
