model,rcp,mgm,windcase,score,resilience,score_01,res_01,dist
EC-EARTH_RACMO22E-r1,rcp45,ADAPTATION,w5,2.70440233674852,0.917985581335623,0.67610058418713,0.917985581335623,0.334121529436183
EC-EARTH_RACMO22E-r1,rcp45,ADAPTATION,w6,2.68175747905297,0.926002022421042,0.670439369763242,0.926002022421042,0.33776605763135
EC-EARTH_RACMO22E-r1,rcp45,ADAPTATION,w7,2.68324236034581,0.920696910673614,0.670810590086452,0.920696910673614,0.338606921925613
EC-EARTH_RACMO22E-r1,rcp45,ADAPTATION,w8,2.7026419893403,0.918579274171727,0.675660497335075,0.918579274171727,0.334403121371996
EC-EARTH_RACMO22E-r1,rcp45,ADAPTATION,w9,2.66777353472543,0.923559850589509,0.666943383681358,0.923559850589509,0.341715972871509
EC-EARTH_RACMO22E-r1,rcp45,BAU,w5,2.742180137691,0.898340135372134,0.68554503442275,0.898340135372134,0.33047942969623
EC-EARTH_RACMO22E-r1,rcp45,BAU,w6,2.69384276411485,0.8947116078506,0.673460691028713,0.8947116078506,0.343094106368576
EC-EARTH_RACMO22E-r1,rcp45,BAU,w7,2.69223399503221,0.893272004055751,0.673058498758052,0.893272004055751,0.343920936194082
EC-EARTH_RACMO22E-r1,rcp45,BAU,w8,2.72081787537023,0.879861939777971,0.680204468842557,0.879861939777971,0.341617235019228
EC-EARTH_RACMO22E-r1,rcp45,BAU,w9,2.65740581970184,0.894931652443622,0.66435145492546,0.894931652443622,0.351709117693703
EC-EARTH_RACMO22E-r1,rcp45,BIOECONOMY,w5,2.71334065579066,0.918390965064859,0.678335163947665,0.918390965064859,0.331855844208929
EC-EARTH_RACMO22E-r1,rcp45,BIOECONOMY,w6,2.68914224309408,0.912743006085453,0.67228556077352,0.912743006085453,0.339132034264723
EC-EARTH_RACMO22E-r1,rcp45,BIOECONOMY,w7,2.69542412103878,0.924459822578974,0.673856030259695,0.924459822578974,0.334777847837585
EC-EARTH_RACMO22E-r1,rcp45,BIOECONOMY,w8,2.71653270179363,0.923347011838893,0.679133175448407,0.923347011838893,0.329895740639144
EC-EARTH_RACMO22E-r1,rcp45,BIOECONOMY,w9,2.66565790633749,0.92408882518393,0.666414476584372,0.92408882518393,0.342113735319753
EC-EARTH_RACMO22E-r1,rcp45,CONSERVATION,w5,2.75732271591957,0.850661220087201,0.689330678979893,0.850661220087201,0.344699141584278
EC-EARTH_RACMO22E-r1,rcp45,CONSERVATION,w6,2.69272228920887,0.86946361656342,0.673180572302218,0.86946361656342,0.35192426134242
EC-EARTH_RACMO22E-r1,rcp45,CONSERVATION,w7,2.68268129559309,0.86899708340983,0.670670323898273,0.86899708340983,0.354428835898548
EC-EARTH_RACMO22E-r1,rcp45,CONSERVATION,w8,2.76471801059348,0.870030287203203,0.69117950264837,0.870030287203203,0.335055556332066
EC-EARTH_RACMO22E-r1,rcp45,CONSERVATION,w9,2.6399743871723,0.888944633727327,0.659993596793075,0.888944633727327,0.357683727054597
EC-EARTH_RACMO22E-r1,rcp45,UNMANAGED,w5,2.86780849486525,0.842066881137267,0.716952123716312,0.842066881137267,0.324128015300152
EC-EARTH_RACMO22E-r1,rcp45,UNMANAGED,w6,2.79607098606515,0.862514596530533,0.699017746516287,0.862514596530533,0.330896589706355
EC-EARTH_RACMO22E-r1,rcp45,UNMANAGED,w7,2.77886684200087,0.865849850619306,0.694716710500218,0.865849850619306,0.333457867543518
EC-EARTH_RACMO22E-r1,rcp45,UNMANAGED,w8,2.89661955181078,0.866105530017603,0.724154887952695,0.866105530017603,0.306623963401847
EC-EARTH_RACMO22E-r1,rcp45,UNMANAGED,w9,2.70230492387279,0.880462909207246,0.675576230968198,0.880462909207246,0.345745423668912
EC-EARTH_RACMO22E-r1,rcp85,ADAPTATION,w5,2.85168824645204,0.919331095332043,0.71292206161301,0.919331095332043,0.29819660442207
EC-EARTH_RACMO22E-r1,rcp85,ADAPTATION,w6,2.8183390983928,0.91943888880067,0.7045847745982,0.91943888880067,0.306202952364714
EC-EARTH_RACMO22E-r1,rcp85,ADAPTATION,w7,2.80396426683154,0.918070199474498,0.700991066707885,0.918070199474498,0.310030376580484
EC-EARTH_RACMO22E-r1,rcp85,ADAPTATION,w8,2.83363656610418,0.924011799228458,0.708409141526045,0.924011799228458,0.301329446622918
EC-EARTH_RACMO22E-r1,rcp85,ADAPTATION,w9,2.78759296557204,0.923339553123293,0.69689824139301,0.923339553123293,0.312645966207764
EC-EARTH_RACMO22E-r1,rcp85,BAU,w5,2.88971781043111,0.880469090000391,0.722429452607777,0.880469090000391,0.302213578822912
EC-EARTH_RACMO22E-r1,rcp85,BAU,w6,2.82097144052525,0.885582087067469,0.705242860131313,0.885582087067469,0.316185436577027
EC-EARTH_RACMO22E-r1,rcp85,BAU,w7,2.84104771054248,0.884625299123609,0.71026192763562,0.884625299123609,0.311864509330163
EC-EARTH_RACMO22E-r1,rcp85,BAU,w8,2.887818156822,0.882850178693227,0.7219545392055,0.882850178693227,0.301717349353057
EC-EARTH_RACMO22E-r1,rcp85,BAU,w9,2.81933621603167,0.891103466001631,0.704834054007918,0.891103466001631,0.314613081085734
EC-EARTH_RACMO22E-r1,rcp85,BIOECONOMY,w5,2.86835031949219,0.910954983696792,0.717087579873047,0.910954983696792,0.296594761232439
EC-EARTH_RACMO22E-r1,rcp85,BIOECONOMY,w6,2.82515515856312,0.911875726470581,0.70628878964078,0.911875726470581,0.306646641389998
EC-EARTH_RACMO22E-r1,rcp85,BIOECONOMY,w7,2.84884942334766,0.911877325681307,0.712212355836915,0.911877325681307,0.300977297917994
EC-EARTH_RACMO22E-r1,rcp85,BIOECONOMY,w8,2.87093330229141,0.903436581555009,0.717733325572853,0.903436581555009,0.298326950297729
EC-EARTH_RACMO22E-r1,rcp85,BIOECONOMY,w9,2.80127924431963,0.907463246089249,0.700319811079907,0.907463246089249,0.313641939886108
EC-EARTH_RACMO22E-r1,rcp85,CONSERVATION,w5,2.9284852990445,0.859040616664173,0.732121324761125,0.859040616664173,0.302702052186884
EC-EARTH_RACMO22E-r1,rcp85,CONSERVATION,w6,2.8335715943806,0.879204460431545,0.70839289859515,0.879204460431545,0.315636284304217
EC-EARTH_RACMO22E-r1,rcp85,CONSERVATION,w7,2.85020568363526,0.857157693969207,0.712551420908815,0.857157693969207,0.320983815812785
EC-EARTH_RACMO22E-r1,rcp85,CONSERVATION,w8,2.92408949928184,0.870715817192658,0.73102237482046,0.870715817192658,0.298434855155003
EC-EARTH_RACMO22E-r1,rcp85,CONSERVATION,w9,2.80354445550077,0.881035423519236,0.700886113875193,0.881035423519236,0.321903226653496
EC-EARTH_RACMO22E-r1,rcp85,UNMANAGED,w5,3.09028315322017,0.860952470772466,0.772570788305043,0.860952470772466,0.266567555633599
EC-EARTH_RACMO22E-r1,rcp85,UNMANAGED,w6,2.95125073337494,0.873155511470025,0.737812683343735,0.873155511470025,0.291258842416575
EC-EARTH_RACMO22E-r1,rcp85,UNMANAGED,w7,2.9439229205478,0.857734880832129,0.73598073013695,0.857734880832129,0.2999092179158
EC-EARTH_RACMO22E-r1,rcp85,UNMANAGED,w8,3.0921420617575,0.867665152237267,0.773035515439375,0.867665152237267,0.262726833772753
EC-EARTH_RACMO22E-r1,rcp85,UNMANAGED,w9,2.88487973909597,0.879655014863552,0.721219934773992,0.879655014863552,0.303646571222052
HadGEM2_CCLM,rcp45,ADAPTATION,w5,2.45741640676926,0.930642930331736,0.614354101692315,0.930642930331736,0.391833079249966
HadGEM2_CCLM,rcp45,ADAPTATION,w6,2.42258864578404,0.932352607629703,0.60564716144601,0.932352607629703,0.400112897780227
HadGEM2_CCLM,rcp45,ADAPTATION,w7,2.43117598798117,0.931837617501375,0.607793996995292,0.931837617501375,0.398084989896401
HadGEM2_CCLM,rcp45,ADAPTATION,w8,2.45022482468459,0.93020146860162,0.612556206171147,0.93020146860162,0.393680744210159
HadGEM2_CCLM,rcp45,ADAPTATION,w9,2.42818556422997,0.93444179999659,0.607046391057492,0.93444179999659,0.398384759207262
HadGEM2_CCLM,rcp45,BAU,w5,2.4586356889205,0.846648783638239,0.614658922230125,0.846648783638239,0.414734061509879
HadGEM2_CCLM,rcp45,BAU,w6,2.396732884364,0.860287997101515,0.599183221091,0.860287997101515,0.424468531235111
HadGEM2_CCLM,rcp45,BAU,w7,2.42383163198156,0.858063725858177,0.60595790799539,0.858063725858177,0.418825830374193
HadGEM2_CCLM,rcp45,BAU,w8,2.45161971921649,0.835412614869709,0.612904929804122,0.835412614869709,0.420632381913207
HadGEM2_CCLM,rcp45,BAU,w9,2.39447929021061,0.866849271009203,0.598619822552652,0.866849271009203,0.42288906757972
HadGEM2_CCLM,rcp45,BIOECONOMY,w5,2.43781620430944,0.877154288071997,0.60945405107736,0.877154288071997,0.409410804887931
HadGEM2_CCLM,rcp45,BIOECONOMY,w6,2.40665447290064,0.92362323874641,0.60166361822516,0.92362323874641,0.405592508196415
HadGEM2_CCLM,rcp45,BIOECONOMY,w7,2.42355883849604,0.921027340718719,0.60588970962401,0.921027340718719,0.401944774682051
HadGEM2_CCLM,rcp45,BIOECONOMY,w8,2.43189959342788,0.880823269538906,0.60797489835697,0.880823269538906,0.409739885051021
HadGEM2_CCLM,rcp45,BIOECONOMY,w9,2.40656979355367,0.921673555665982,0.601642448388418,0.921673555665982,0.405984939139353
HadGEM2_CCLM,rcp45,CONSERVATION,w5,2.4789155112993,0.818377186955813,0.619728877824825,0.818377186955813,0.421417812364939
HadGEM2_CCLM,rcp45,CONSERVATION,w6,2.40749669503436,0.89228616410311,0.60187417375859,0.89228616410311,0.4124396246289
HadGEM2_CCLM,rcp45,CONSERVATION,w7,2.41120839400864,0.824430653941734,0.60280209850216,0.824430653941734,0.434270386084079
HadGEM2_CCLM,rcp45,CONSERVATION,w8,2.47787254748374,0.835789068556683,0.619468136870935,0.835789068556683,0.414451117578369
HadGEM2_CCLM,rcp45,CONSERVATION,w9,2.43298660793519,0.870441872054354,0.608246651983797,0.870441872054354,0.412620884346254
HadGEM2_CCLM,rcp45,UNMANAGED,w5,2.54307259609891,0.813780291989916,0.635768149024727,0.813780291989916,0.409075324257323
HadGEM2_CCLM,rcp45,UNMANAGED,w6,2.47415225279947,0.877705448712225,0.618538063199867,0.877705448712225,0.400586028840231
HadGEM2_CCLM,rcp45,UNMANAGED,w7,2.45624163747859,0.822176943085367,0.614060409369647,0.822176943085367,0.424935768306681
HadGEM2_CCLM,rcp45,UNMANAGED,w8,2.5603898438499,0.816801205711698,0.640097460962475,0.816801205711698,0.40384605462273
HadGEM2_CCLM,rcp45,UNMANAGED,w9,2.45751137528831,0.86938621765949,0.614377843822077,0.86938621765949,0.407141753536289
HadGEM2_CCLM,rcp85,ADAPTATION,w5,2.54571264012457,0.951819429344089,0.636428160031143,0.951819429344089,0.366750392238467
HadGEM2_CCLM,rcp85,ADAPTATION,w6,2.50363966158906,0.954892910101125,0.625909915397265,0.954892910101125,0.376799735877331
HadGEM2_CCLM,rcp85,ADAPTATION,w7,2.51846383331209,0.951134931039501,0.629615958328023,0.951134931039501,0.373593540214206
HadGEM2_CCLM,rcp85,ADAPTATION,w8,2.54542149775415,0.949494620052772,0.636355374438538,0.949494620052772,0.367135134662089
HadGEM2_CCLM,rcp85,ADAPTATION,w9,2.5152305415344,0.952804694475247,0.6288076353836,0.952804694475247,0.374180662799522
HadGEM2_CCLM,rcp85,BAU,w5,2.47606704132703,0.879235190328353,0.619016760331757,0.879235190328353,0.399665320190705
HadGEM2_CCLM,rcp85,BAU,w6,2.39531328208926,0.897326104242922,0.598828320522315,0.897326104242922,0.414102215986442
HadGEM2_CCLM,rcp85,BAU,w7,2.44633218109259,0.880940517345842,0.611583045273148,0.880940517345842,0.406254712131635
HadGEM2_CCLM,rcp85,BAU,w8,2.47373970511014,0.881971819192039,0.618434926277535,0.881971819192039,0.399402750303083
HadGEM2_CCLM,rcp85,BAU,w9,2.41887993489229,0.897346816064387,0.604719983723072,0.897346816064387,0.40839192871555
HadGEM2_CCLM,rcp85,BIOECONOMY,w5,2.50242754582004,0.944353355533792,0.62560688645501,0.944353355533792,0.378505947787165
HadGEM2_CCLM,rcp85,BIOECONOMY,w6,2.45604460962126,0.949081619095273,0.614011152405315,0.949081619095273,0.389332854998691
HadGEM2_CCLM,rcp85,BIOECONOMY,w7,2.50375749009942,0.940599587006247,0.625939372524855,0.940599587006247,0.378747623214889
HadGEM2_CCLM,rcp85,BIOECONOMY,w8,2.52765514653102,0.946716587208002,0.631913786632755,0.946716587208002,0.371922818000993
HadGEM2_CCLM,rcp85,BIOECONOMY,w9,2.48894856925033,0.944467337072677,0.622237142312583,0.944467337072677,0.381822803535833
HadGEM2_CCLM,rcp85,CONSERVATION,w5,2.50651069432074,0.89181735044548,0.626627673580185,0.89181735044548,0.38872918568173
HadGEM2_CCLM,rcp85,CONSERVATION,w6,2.41847038582852,0.933182434166557,0.60461759645713,0.933182434166557,0.400988568584247
HadGEM2_CCLM,rcp85,CONSERVATION,w7,2.43901704740033,0.903640409693397,0.609754261850083,0.903640409693397,0.401966300562908
HadGEM2_CCLM,rcp85,CONSERVATION,w8,2.52991672507348,0.895281469634634,0.63247918126837,0.895281469634634,0.382148561168363
HadGEM2_CCLM,rcp85,CONSERVATION,w9,2.45098156723131,0.928345982991705,0.612745391807827,0.928345982991705,0.393827918918273
HadGEM2_CCLM,rcp85,UNMANAGED,w5,2.49276369048693,0.893834973320599,0.623190922621732,0.893834973320599,0.391479365592235
HadGEM2_CCLM,rcp85,UNMANAGED,w6,2.40099465735188,0.935700202600445,0.60024866433797,0.935700202600445,0.404889607558901
HadGEM2_CCLM,rcp85,UNMANAGED,w7,2.43950235063583,0.922255195527168,0.609875587658958,0.922255195527168,0.397795565242956
HadGEM2_CCLM,rcp85,UNMANAGED,w8,2.57064987047542,0.894454742141777,0.642662467618855,0.894454742141777,0.372598864067786
HadGEM2_CCLM,rcp85,UNMANAGED,w9,2.46604532822839,0.930442388002213,0.616511332057098,0.930442388002213,0.38974584003868
MPI_CCLM,rcp45,ADAPTATION,w5,2.6176199345391,0.92727296827992,0.654404983634775,0.92727296827992,0.353164460951684
MPI_CCLM,rcp45,ADAPTATION,w6,2.58992851679379,0.934372157496571,0.647482129198447,0.934372157496571,0.358574766187074
MPI_CCLM,rcp45,ADAPTATION,w7,2.59739267169357,0.926553466085966,0.649348167923392,0.926553466085966,0.35826121850218
MPI_CCLM,rcp45,ADAPTATION,w8,2.6266531477961,0.922560194560337,0.656663286949025,0.922560194560337,0.35196167688426
MPI_CCLM,rcp45,ADAPTATION,w9,2.59072052931695,0.934666179863393,0.647680132329237,0.934666179863393,0.358326383635347
MPI_CCLM,rcp45,BAU,w5,2.64993939926447,0.887103236326511,0.662484849816118,0.887103236326511,0.355896271196533
MPI_CCLM,rcp45,BAU,w6,2.59807573665692,0.897756801377574,0.64951893416423,0.897756801377574,0.365089919299235
MPI_CCLM,rcp45,BAU,w7,2.61460847344377,0.893063453874194,0.653652118360943,0.893063453874194,0.362480730540506
MPI_CCLM,rcp45,BAU,w8,2.65704866870516,0.88318885545379,0.66426216717629,0.88318885545379,0.355478179188761
MPI_CCLM,rcp45,BAU,w9,2.59476701580138,0.898573355459316,0.648691753950345,0.898573355459316,0.36565673515644
MPI_CCLM,rcp45,BIOECONOMY,w5,2.6218982017848,0.923971762663939,0.6554745504462,0.923971762663939,0.352814509711089
MPI_CCLM,rcp45,BIOECONOMY,w6,2.5850242322143,0.924815403046628,0.646256058053575,0.924815403046628,0.361645544812648
MPI_CCLM,rcp45,BIOECONOMY,w7,2.604471395411,0.92477870809006,0.65111784885275,0.92477870809006,0.356899142820115
MPI_CCLM,rcp45,BIOECONOMY,w8,2.62787022335055,0.924577018251368,0.656967555837638,0.924577018251368,0.351226257452171
MPI_CCLM,rcp45,BIOECONOMY,w9,2.58505163809858,0.924255322356735,0.646262909524645,0.924255322356735,0.36175569846134
MPI_CCLM,rcp45,CONSERVATION,w5,2.6670989022849,0.874284569098747,0.666774725571225,0.874284569098747,0.356150885278726
MPI_CCLM,rcp45,CONSERVATION,w6,2.60643384668861,0.894018221891226,0.651608461672152,0.894018221891226,0.364154913834128
MPI_CCLM,rcp45,CONSERVATION,w7,2.59256832136071,0.883112592970632,0.648142080340178,0.883112592970632,0.370764968071941
MPI_CCLM,rcp45,CONSERVATION,w8,2.67668979365402,0.88423290017912,0.669172448413505,0.88423290017912,0.35049806032224
MPI_CCLM,rcp45,CONSERVATION,w9,2.60980877468115,0.898444205839472,0.652452193670288,0.898444205839472,0.362081561270622
MPI_CCLM,rcp45,UNMANAGED,w5,2.78564227102832,0.876760946604504,0.69641056775708,0.876760946604504,0.327649824738846
MPI_CCLM,rcp45,UNMANAGED,w6,2.65687394119778,0.892514932599731,0.664218485299445,0.892514932599731,0.352565263928027
MPI_CCLM,rcp45,UNMANAGED,w7,2.66008885863299,0.882779480730547,0.665022214658248,0.882779480730547,0.354895430810634
MPI_CCLM,rcp45,UNMANAGED,w8,2.79360396200544,0.899674830114513,0.69840099050136,0.899674830114513,0.317847608521934
MPI_CCLM,rcp45,UNMANAGED,w9,2.68518808709148,0.900356977123441,0.67129702177287,0.900356977123441,0.343473987229548
MPI_CCLM,rcp85,ADAPTATION,w5,2.51452815386151,0.929645987324216,0.628632038465378,0.929645987324216,0.377973345560193
MPI_CCLM,rcp85,ADAPTATION,w6,2.47884788195735,0.931405338806784,0.619711970489337,0.931405338806784,0.386424912412896
MPI_CCLM,rcp85,ADAPTATION,w7,2.47128748666355,0.931144316406232,0.617821871665888,0.931144316406232,0.388331336541529
MPI_CCLM,rcp85,ADAPTATION,w8,2.51364051674738,0.926240489320745,0.628410129186845,0.926240489320745,0.3788396725616
MPI_CCLM,rcp85,ADAPTATION,w9,2.4716769314823,0.933011116574208,0.617919232870575,0.933011116574208,0.387908781948597
MPI_CCLM,rcp85,BAU,w5,2.53583513000748,0.890319087305159,0.63395878250187,0.890319087305159,0.382120498687373
MPI_CCLM,rcp85,BAU,w6,2.47804610592371,0.884902365411827,0.619511526480928,0.884902365411827,0.397515966935501
MPI_CCLM,rcp85,BAU,w7,2.4999207015521,0.887051637813609,0.624980175388025,0.887051637813609,0.391659547786831
MPI_CCLM,rcp85,BAU,w8,2.57828101620706,0.884752152660572,0.644570254051765,0.884752152660572,0.373647388082934
MPI_CCLM,rcp85,BAU,w9,2.44294181204522,0.889888884184969,0.610735453011305,0.889888884184969,0.404538434970455
MPI_CCLM,rcp85,BIOECONOMY,w5,2.48317670250265,0.923411533610393,0.620794175625663,0.923411533610393,0.386862831535071
MPI_CCLM,rcp85,BIOECONOMY,w6,2.47056426608694,0.92696120449265,0.617641066521735,0.92696120449265,0.389272423451496
MPI_CCLM,rcp85,BIOECONOMY,w7,2.47098683356604,0.924083997986617,0.61774670839151,0.924083997986617,0.389718896523149
MPI_CCLM,rcp85,BIOECONOMY,w8,2.50183234792837,0.921340240944233,0.625458086982092,0.921340240944233,0.382712688974151
MPI_CCLM,rcp85,BIOECONOMY,w9,2.4510012108959,0.92197847341953,0.612750302723975,0.92197847341953,0.395031247688483
MPI_CCLM,rcp85,CONSERVATION,w5,2.57480717532715,0.875190153447148,0.643701793831787,0.875190153447148,0.377526038195026
MPI_CCLM,rcp85,CONSERVATION,w6,2.46527706725244,0.886720060574333,0.61631926681311,0.886720060574333,0.400054058465993
MPI_CCLM,rcp85,CONSERVATION,w7,2.47941979445399,0.876652496831963,0.619854948613498,0.876652496831963,0.399655935313659
MPI_CCLM,rcp85,CONSERVATION,w8,2.58144639789304,0.888870021756451,0.64536159947326,0.888870021756451,0.371642660619816
MPI_CCLM,rcp85,CONSERVATION,w9,2.48189909237204,0.893164869157331,0.62047477309301,0.893164869157331,0.394275465938438
MPI_CCLM,rcp85,UNMANAGED,w5,2.64480279967589,0.865358686071471,0.661200699918972,0.865358686071471,0.364572693919601
MPI_CCLM,rcp85,UNMANAGED,w6,2.55767712773817,0.898217679514721,0.639419281934542,0.898217679514721,0.374670648708928
MPI_CCLM,rcp85,UNMANAGED,w7,2.53212877060355,0.871743353288428,0.633032192650888,0.871743353288428,0.388735307190268
MPI_CCLM,rcp85,UNMANAGED,w8,2.68383647851905,0.882910807679622,0.670959119629763,0.882910807679622,0.349253174521091
MPI_CCLM,rcp85,UNMANAGED,w9,2.49561549455662,0.889629922361747,0.623903873639155,0.889629922361747,0.39195643929078
NCC_HIRHAM5,rcp45,ADAPTATION,w5,2.64298318548986,0.790469938712548,0.660745796372465,0.790469938712548,0.398743352624312
NCC_HIRHAM5,rcp45,ADAPTATION,w6,2.61491548073427,0.801947189991738,0.653728870183568,0.801947189991738,0.398909276523519
NCC_HIRHAM5,rcp45,ADAPTATION,w7,2.61068055752261,0.786229548887402,0.652670139380653,0.786229548887402,0.407842908295264
NCC_HIRHAM5,rcp45,ADAPTATION,w8,2.63811704809324,0.795709310570981,0.65952926202331,0.795709310570981,0.397057941874704
NCC_HIRHAM5,rcp45,ADAPTATION,w9,2.60423845767845,0.799865689490251,0.651059614419612,0.799865689490251,0.402260033973302
NCC_HIRHAM5,rcp45,BAU,w5,2.6936507678689,0.786928581630487,0.673412691967225,0.786928581630487,0.389947046525667
NCC_HIRHAM5,rcp45,BAU,w6,2.63392834878839,0.81090970040407,0.658482087197098,0.81090970040407,0.390371139003038
NCC_HIRHAM5,rcp45,BAU,w7,2.66166584705501,0.794869875627173,0.665416461763752,0.794869875627173,0.39245956732369
NCC_HIRHAM5,rcp45,BAU,w8,2.69507138341001,0.796666718179253,0.673767845852502,0.796666718179253,0.384411032484386
NCC_HIRHAM5,rcp45,BAU,w9,2.60795708905972,0.792760552678552,0.65198927226493,0.792760552678552,0.405042781869758
NCC_HIRHAM5,rcp45,BIOECONOMY,w5,2.65611063756977,0.797420448383966,0.664027659392442,0.797420448383966,0.392321154650465
NCC_HIRHAM5,rcp45,BIOECONOMY,w6,2.61815044136382,0.813164226330215,0.654537610340955,0.813164226330215,0.392749117111324
NCC_HIRHAM5,rcp45,BIOECONOMY,w7,2.63334937820067,0.798587648280939,0.658337344550167,0.798587648280939,0.396611025507403
NCC_HIRHAM5,rcp45,BIOECONOMY,w8,2.66157623209969,0.810582126833796,0.665394058024922,0.810582126833796,0.384500022210451
NCC_HIRHAM5,rcp45,BIOECONOMY,w9,2.60219644976508,0.803031814246903,0.65054911244127,0.803031814246903,0.4011388650012
NCC_HIRHAM5,rcp45,CONSERVATION,w5,2.70907583159216,0.747618882337307,0.67726895789804,0.747618882337307,0.409696905149266
NCC_HIRHAM5,rcp45,CONSERVATION,w6,2.63913594934059,0.790319943622694,0.659783987335148,0.790319943622694,0.399640665243117
NCC_HIRHAM5,rcp45,CONSERVATION,w7,2.64076479621564,0.752521828529715,0.66019119905391,0.752521828529715,0.420375387665233
NCC_HIRHAM5,rcp45,CONSERVATION,w8,2.72980767803451,0.754467383075838,0.682451919508627,0.754467383075838,0.401401356994944
NCC_HIRHAM5,rcp45,CONSERVATION,w9,2.64607628920836,0.787281420641172,0.66151907230209,0.787281420641172,0.399773101170746
NCC_HIRHAM5,rcp45,UNMANAGED,w5,2.86326377599523,0.7449471953806,0.715815943998808,0.7449471953806,0.381854043882621
NCC_HIRHAM5,rcp45,UNMANAGED,w6,2.75765695454517,0.801412196592847,0.689414238636292,0.801412196592847,0.368647027417762
NCC_HIRHAM5,rcp45,UNMANAGED,w7,2.75015341656365,0.758471188285416,0.687538354140912,0.758471188285416,0.394928407462959
NCC_HIRHAM5,rcp45,UNMANAGED,w8,2.8808382768869,0.782773115455203,0.720209569221725,0.782773115455203,0.354217736038346
NCC_HIRHAM5,rcp45,UNMANAGED,w9,2.68767002531228,0.802684136053488,0.67191750632807,0.802684136053488,0.382846800716619
NCC_HIRHAM5,rcp85,ADAPTATION,w5,2.57879049285727,0.918575259981947,0.644697623214317,0.918575259981947,0.364513054960399
NCC_HIRHAM5,rcp85,ADAPTATION,w6,2.55243424419563,0.92600049263831,0.638108561048907,0.92600049263831,0.369379670090092
NCC_HIRHAM5,rcp85,ADAPTATION,w7,2.55063032626166,0.92653348429898,0.637657581565415,0.92653348429898,0.369715237887583
NCC_HIRHAM5,rcp85,ADAPTATION,w8,2.58476308402589,0.922140910706943,0.646190771006472,0.922140910706943,0.362274769072507
NCC_HIRHAM5,rcp85,ADAPTATION,w9,2.55714059375902,0.929830591045413,0.639285148439755,0.929830591045413,0.367476461952552
NCC_HIRHAM5,rcp85,BAU,w5,2.60848169631886,0.877577149966857,0.652120424079715,0.877577149966857,0.368792019372322
NCC_HIRHAM5,rcp85,BAU,w6,2.55813242606073,0.893737069839241,0.639533106515182,0.893737069839241,0.375803394908754
NCC_HIRHAM5,rcp85,BAU,w7,2.57848019808254,0.885408719376894,0.644620049520635,0.885408719376894,0.373398005883212
NCC_HIRHAM5,rcp85,BAU,w8,2.6214126960002,0.879622061611863,0.65535317400005,0.879622061611863,0.365064765106711
NCC_HIRHAM5,rcp85,BAU,w9,2.54528491852145,0.88847044448463,0.636321229630363,0.88847044448463,0.380395964451554
NCC_HIRHAM5,rcp85,BIOECONOMY,w5,2.55894151947486,0.909995332275326,0.639735379868715,0.909995332275326,0.371337362422054
NCC_HIRHAM5,rcp85,BIOECONOMY,w6,2.54464533939404,0.911862854781989,0.63616133484851,0.911862854781989,0.374361764375582
NCC_HIRHAM5,rcp85,BIOECONOMY,w7,2.5463328534555,0.911136430208537,0.636583213363875,0.911136430208537,0.374123635774337
NCC_HIRHAM5,rcp85,BIOECONOMY,w8,2.57053859962811,0.906084232536425,0.642634649907027,0.906084232536425,0.369499884743345
NCC_HIRHAM5,rcp85,BIOECONOMY,w9,2.53260780554592,0.910685243406308,0.63315195138648,0.910685243406308,0.377564056177145
NCC_HIRHAM5,rcp85,CONSERVATION,w5,2.63706909653553,0.864988620319408,0.659267274133883,0.864988620319408,0.366506293424017
NCC_HIRHAM5,rcp85,CONSERVATION,w6,2.56113637503662,0.890469580187916,0.640284093759155,0.890469580187916,0.37602186913381
NCC_HIRHAM5,rcp85,CONSERVATION,w7,2.58252320379517,0.87958836746071,0.645630800948793,0.87958836746071,0.374267939432395
NCC_HIRHAM5,rcp85,CONSERVATION,w8,2.65739556828072,0.871733547408413,0.66434889207018,0.871733547408413,0.359324295191608
NCC_HIRHAM5,rcp85,CONSERVATION,w9,2.56026632850594,0.89309297948542,0.640066582126485,0.89309297948542,0.3754746014545
NCC_HIRHAM5,rcp85,UNMANAGED,w5,2.73664199568304,0.844809002581776,0.68416049892076,0.844809002581776,0.351907425499444
NCC_HIRHAM5,rcp85,UNMANAGED,w6,2.67506977170474,0.883341663248876,0.668767442926185,0.883341663248876,0.351175418272972
NCC_HIRHAM5,rcp85,UNMANAGED,w7,2.64697757139514,0.870066131934704,0.661744392848785,0.870066131934704,0.362352957542293
NCC_HIRHAM5,rcp85,UNMANAGED,w8,2.76342483887524,0.857854977664266,0.69085620971881,0.857854977664266,0.34025738852264
NCC_HIRHAM5,rcp85,UNMANAGED,w9,2.62167982105903,0.892074862989781,0.655419955264757,0.892074862989781,0.361086198058602
refclim,refclim,ADAPTATION,w5,2.66375658692257,0.928640072050979,0.665939146730642,0.928640072050979,0.341597560008763
refclim,refclim,ADAPTATION,w6,2.63865398145351,0.937019199758912,0.659663495363378,0.937019199758912,0.346114890733238
refclim,refclim,ADAPTATION,w7,2.64535486976748,0.931693508670198,0.66133871744187,0.931693508670198,0.345481173237712
refclim,refclim,ADAPTATION,w8,2.67317919677656,0.931856200864417,0.66829479919414,0.931856200864417,0.338632422550302
refclim,refclim,ADAPTATION,w9,2.62965696729224,0.932522847715793,0.65741424182306,0.932522847715793,0.349167821807874
refclim,refclim,BAU,w5,2.70783226430443,0.925710615493187,0.676958066076108,0.925710615493187,0.33147398649621
refclim,refclim,BAU,w6,2.66016604352665,0.925588789972092,0.665041510881663,0.925588789972092,0.343124201434782
refclim,refclim,BAU,w7,2.68036992802879,0.921274755514121,0.670092482007198,0.921274755514121,0.339170509548712
refclim,refclim,BAU,w8,2.7241467839178,0.920625076882917,0.68103669597945,0.920625076882917,0.328691295490995
refclim,refclim,BAU,w9,2.65301437057204,0.920457078216637,0.66325359264301,0.920457078216637,0.346013322393335
refclim,refclim,BIOECONOMY,w5,2.68192818680255,0.947846395908961,0.670482046700637,0.947846395908961,0.33361966363853
refclim,refclim,BIOECONOMY,w6,2.64689663635009,0.945676851395603,0.661724159087522,0.945676851395603,0.342609907940998
refclim,refclim,BIOECONOMY,w7,2.66426653536129,0.942575425222501,0.666066633840322,0.942575425222501,0.338834878404083
refclim,refclim,BIOECONOMY,w8,2.68649129069412,0.945224570567746,0.67162282267353,0.945224570567746,0.332914280646517
refclim,refclim,BIOECONOMY,w9,2.64171471532392,0.939337094014478,0.66042867883098,0.939337094014478,0.344947344276024
refclim,refclim,CONSERVATION,w5,2.7490725031181,0.859682890814191,0.687268125779525,0.859682890814191,0.342768312834943
refclim,refclim,CONSERVATION,w6,2.67444113326768,0.885196293267732,0.66861028331692,0.885196293267732,0.350712183139908
refclim,refclim,CONSERVATION,w7,2.66246587259108,0.871374212317582,0.66561646814777,0.871374212317582,0.358269367419116
refclim,refclim,CONSERVATION,w8,2.7451194682438,0.871988520949409,0.68627986706095,0.871988520949409,0.338832201214724
refclim,refclim,CONSERVATION,w9,2.6707016245376,0.87874016309644,0.6676754061344,0.87874016309644,0.353756390378766
refclim,refclim,UNMANAGED,w5,2.93068723158831,0.852088194592343,0.732671807897078,0.852088194592343,0.305519662987457
refclim,refclim,UNMANAGED,w6,2.82410481604452,0.871695916254628,0.70602620401113,0.871695916254628,0.320753068003792
refclim,refclim,UNMANAGED,w7,2.85162096004427,0.868038853664236,0.712905240011067,0.868038853664236,0.315970165293104
refclim,refclim,UNMANAGED,w8,2.93160622901574,0.881111210596417,0.732901557253935,0.881111210596417,0.292362997595835
refclim,refclim,UNMANAGED,w9,2.79413450614744,0.86489165725224,0.69853362653686,0.86489165725224,0.330357743376878
